number	lection	header	title	summary	language	greek_world	reading	alpha	beta	gamma
1	Πρῶτον μάθημα	1 Ἐν ταῖς Ἀθήναις	Ἐν ταῖς Ἀθήναις	Nesta unidade achegarémonos á vida cotiá da Atenas clásica, tanto na cidade como nos campos, seguindo especialmente o traballo dos agricultores e dos escravos. Desde o punto de vista lingüístico, introducirémonos na segunda declinación feminina, nos verbos contractos en -έω, no pronome reflexivo e nos valores básicos dalgunhas preposicións.	Femininos da segunda declinación, verbos contractos en -έω, pronomes τίς/τις e reflexivos, presente e imperfecto, valores de διά + acusativo e πρός + acusativo.	A vida agrícola e urbana en Atenas, o traballo nos κλῆροι, a organización doméstica e a presenza da escravitude na sociedade grega.	Os textos describen a actividade da cidade de Atenas, o labor dos agricultores nos campos e a rutina diaria dos escravos guiados polo encargado da propiedade.	πολλοὶ καὶ μακροὶ οἶκοι ἦσαν ἐν ταῖς Ἀθηναῖς· ἐξ ὅλης γὰρ τῆς χώρας οἱ γεωργοὶ πολλὰ σπουδαίως ἔφερον πρὸς τὴν ἀγοράν. ἐν δὲ τῇ ἀγορᾷ αὐτὰ ἐπώλουν τοῖς πολίταις. οὐ δὲ ὀλίγων χωρῶν ναύται ἐκεῖσε ἔπλεον. πλουσία μὲν οὖν ἦν ἡ πόλις, πλούσιοι δὲ καὶ οἱ Ἀθηναῖοι ἦσαν. ἡ δὲ πόλις πλήρης ἦν ἱερῶν τε καὶ γεφυρῶν. ἐν δὲ ταῖς Ἀθήναις καὶ εἰσὶ μακραὶ ὁδοί. πολλοὶ Ἀθηναῖοι οἰκοῦσιν οὐκ ἐν ταῖς Ἀθηναῖς ἀλλὰ ἐν τοῖς ἀγροῖς. διὰ τί ἐκεῖ οἰκοῦσιν; διότι γεωργοί εἰσιν καὶ τοὺς κλήρους γεωργοῦσιν. ἐν δὲ τοῖς τῶν Ἀθηναίων ἀγροῖς πολλὰ καὶ καλὰ φυτὰ ἦν· εὖ γὰρ οἱ γεωργοὶ αὐτὰ ἐθεράπευον. χαλεπὸς δὲ ἐστιν ὁ τῶν γεωργῶν βίος· οἱ γὰρ κλῆροι εἰσὶν μικροί, μακρὸς δὲ ὁ πόνος. ἐπεὶ πρῶτον ἀνατέλλει ὁ ἥλιος, αἴρουσιν ἑαυτοὺς καὶ ταχέως πρὸς τοὺς ἀγροὺς βαδίζουσιν. ἀλλ’ ὅμως οἱ γεωργοὶ μακάριοι εἰσιν, ἐλεύθεροι γάρ εἰσιν καὶ οἱ κλῆροι σῖτον παρέχουσιν ὀλίγον ἀλλ’ ἱκανόν. ὅδε ὁ Ἀθηναῖος οὐκ ὀλίγους δούλους ἔχει ἐν τῷδε τῷ κλήρῳ. τίς ἐστιν ὁ ἀνήρ; πολίτης τις πλούσιος. μακρὸν κλῆρον ἔχει, ἀλλ’ ὅμως οὐ πονεῖ ἐν αὐτῷ. ὁ γὰρ κλῆρος μακρὸς ἐστι καὶ οὐκ ὀλίγον σῖτον παρέχει. κύων μέγας τὸν οἶκον φυλάσσει καὶ οἱ δοῦλοι οἱ τοῦδε τοῦ ἀνθρώπου ἀεὶ πονοῦσιν ἐν τῷ κλήρῳ.	ἤδη πρῶτον ἀνατέλλει ὁ ἥλιος. ἄνθρωπός τις ἐκ τοῦ οἴκου ἐκβαίνει. τίς ἐστιν οὗτος ὁ ἄνθρωπος; οὗτος ὁ ἄνθρωπός ἐστιν ὁ τοῦ κλήρου ἐπιμελητής. ὁ δὲ ἀνὴρ χαλεπός ἐστι. διὰ τί οὕτως; διότι οἱ δοῦλοι ἔτι καθεύδουσιν ἐν τῷ οἴκῳ, ἀλλὰ ὁ ἐπιμελητὴς θέλει αὐτοὺς ἐγείρειν. τοὺς δούλους οὖν καλεῖ καὶ λέγει· – διὰ τί ἔτι καθεύδετε; διὰ τί ἐστε οὕτω ῥᾴθυμοι; αἴρετε ὑμᾶς αὐτούς. καιρός ἐστι πονεῖν. ἀλλὰ ὅμως οἱ δοῦλοι οὐδὲν ἔλεγον· νῦν γὰρ ἔτι ἐκάθευδον.	ὁ οὖν ἐπιμελητὴς πάλιν καλεῖ αὐτοὺς καὶ «ἐγείρετε ταχέως, ὦ δοῦλοι, καὶ αἴρετε ὑμᾶς αὐτούς», λέγει· «καιρὸς γὰρ ἐστι βαδίζειν πρὸς τὸν ἀγρόν. λαμβάνετε οὖν ταχέως τὰ ἄροτρα καὶ φέρετε αὐτὰ πρὸς τὴν ὁδόν. ἀλλὰ σπεύδετε· μικρὰ μὲν γάρ ἐστιν ἡ ἡμέρα, μακρὸν δὲ τὸ ἔργον». δοῦλός τις τὸν ἑταῖρον ἐγείρει. – ὁ ἐπιμελητὴς ἡμᾶς καλεῖ. οἱ δοῦλοι οὖν αἴρουσιν ἑαυτοὺς καὶ ταχέως ἐκβαίνουσιν ἐκ τοῦ οἴκου. αὐτίκα δὲ λαμβάνουσιν τὰ ἄροτρα καὶ φέρουσιν αὐτὰ πρὸς τὴν ὁδόν· ὁ δὲ ἐπιμελητὴς ἐλαύνει τὰ ζῷα ἐκ τοῦ οἴκου καὶ εἰσάγει αὐτὰ εἰς τὴν ὁδόν.
2	Δεύτερον μάθημα	2 Ἐν τῷ ἀγρῷ	Ἐν τῷ ἀγρῷ	Nesta unidade seguiremos o traballo dos escravos no campo ao longo dunha xornada agrícola, desde a preparación da terra ata o descanso ao final do día. Desde o punto de vista lingüístico, traballaremos o acusativo de duración, a imperativa negativa, os valores espaciais das preposicións e o uso do infinitivo e do imperativo.	Acusativo de duración, imperativa negativa con μή, valores de ὑπό + dativo e doutras preposicións espaciais, infinitivos e imperativos, verbos contractos e repaso verbal.	O traballo agrícola no mundo grego, a organización das tarefas no campo, a relación entre escravos e encargado da explotación e os ritmos diarios da vida rural.	Os textos describen unha xornada de traballo agrícola: os escravos preparan o campo, aran a terra, descansan ao mediodía e regresan finalmente á casa ao caer o sol.	νῦν οἱ δοῦλοι οὐκέτι καθεύδουσιν, ἀλλὰ εἰς τὸν ἀγρὸν σπεύδουσιν καὶ, ἐπεὶ εἰς τὸν ἀγρὸν ἥκουσιν, ὁ ἐπιμελητὴς αὐτοῖς λέγει· – τὴν γῆν σκάπτετε· οἱ γὰρ λίθοι πολλοί εἰσιν, καὶ μόλις δυνατόν ἐστιν ἀροτρεύειν. οἱ μὲν οὖν δοῦλοι οὐκ ὀλίγον χρόνον τὴν γῆν σκάπτουσι καὶ ἐκ τοῦ ἀγροῦ τοὺς λίθους ἐκφέρουσιν· ὁ δὲ ἐπιμελητής οὐ χαίρει καὶ αὐτοῖς λέγει· – μὴ μένετε· διὰ τί μένετε; δοῦλός τις τῷ ἑταίρῳ λέγει· – διὰ τί ἔστιν οὕτω χαλεπὸς ὁ ἐπιμελητής; ὁ ἥλιος ἡμᾶς κατατρίβει καὶ μᾶλα κάμνομεν, ἀλλὰ πονοῦμεν. ἐπεὶ δὲ οὐκέτι λίθοι εἰσὶν ἐν τῷ ἀγρῷ, οἱ δοῦλοι τὰ ἄροτρα λαμβάνουσι καὶ ἀροτρεύουσι τὸν ἀγρόν.  ἐπεὶ δὲ ὁ ἥλιος μᾶλα φλέγει, οἱ δοῦλοι ἔτι πονοῦσιν, ἀλλὰ ὁ ἐπιμελητὴς βραδέως βαδίζει καὶ καθίζει ὑπὸ τῷ δένδρῳ· μᾶλα γὰρ κάμνει.	ἐπεὶ δὲ ἡσυχάζει οὐκ ὀλίγον χρόνον, καλεῖ τὸν δοῦλον καὶ αὐτῷ λέγει· – σπεῦδε δεῦρο ταχέως, ὦ δοῦλε. ὁ δοῦλος βλέπει πρὸς τὸν ἐπιμελητὴν καὶ αὐτῷ προσχωρεῖ. – τί ἐθέλεις; – ἄκουε καὶ μὴ λέγε, ὦ ῥᾴθυμε. καιρός ἐστι δειπνεῖν· εἰς τὸν οἶκον σπεῦδε καὶ φέρε μοι ταχέως τὸ δεῖπνον. οἱ ἄλλοι δοῦλοι μένουσιν ἐν τῷ ἀγρῷ, ἀλλὰ ὅδε ὁ δοῦλος ταχέως πρὸς τὸν οἶκον σπεύδει διὰ τῆς ὁδοῦ. ἐπεὶ δὲ τὸ δεῖπνον λαμβάνει, αὐτὸ φέρει πρὸς τὸν ἐπιμελητήν.	ἐπεὶ δὲ οἱ δοῦλοι οὐκ ὀλίγον χρόνον πονοῦσιν, ὁ ἐπιμελητὴς τοὺς δούλους καλεῖ· – καιρός ἐστιν ἤδη ἡσυχάζειν. οἱ δοῦλοι οὐκέτι πονοῦσιν ἀλλὰ τὰ μὲν ζῷα λύουσιν, ἐπεὶ δὲ τὰ ἄροτρα λείπουσιν ἐν τῷ ἀγρῷ, τὰ ζῷα προσάπτουσι τοῖς δένδροις· ἔπειτα δὲ καθίζουσιν ὑπὸ τοῖς δένδροις καὶ δειπνοῦσιν καὶ αὐτοί. ἐπεὶ δὲ ἡσυχάζουσιν ὀλίγον χρόνον, αἴρουσιν ἑαυτοὺς καὶ πάλιν πονοῦσιν. ἐπεὶ δὲ ὁ ἥλιος καταδύει, οἱ δοῦλοι τέλος τὸ ἔργον τελευτῶσιν. ὁ ἐπιμελητὴς καὶ οἱ δοῦλοι οὐκέτι πονοῦσιν ἀλλὰ πρὸς τὸν οἶκον βραδέως βαδίζουσιν.
3	Τρίτον μάθημα	3 Ἐν τῇ ὁδῷ	Ἐν τῇ ὁδῷ	Nesta unidade seguiremos a viaxe duns labregos cara á ágora e as dificultades que atopan no camiño coa súa carroza e os animais. Desde o punto de vista lingüístico, introduciremos a voz pasiva, a expresión do complemento axente e novos usos das preposicións.	Presente e infinitivo pasivos, complemento axente con ὑπό + xenitivo, valor de μετά + xenitivo, transformacións activa/pasiva, concordancia adxectival e repaso das preposicións.	O desprazamento cara á ágora, o uso de carros e animais de carga, a vida rural grega e as relacións entre donos e escravos no ámbito agrícola.	Os textos narran a preparación dunha viaxe á cidade, o avance dunha carroza pola estrada e os problemas provocados por unha pedra que bloquea o camiño ata que entre todos conseguen apartala.	ὅδε ὁ γεωργὸς καὶ ἡ γυνὴ αὐτοῦ ἐν νῷ ἔχουσι βαδίζειν εἰς τὴν ἀγοράν· μετὰ δὲ αὐτῶν καὶ βαδίζουσιν δύο δοῦλοι, τέκνα γὰρ οὐκ ἔχουσιν. οἵδε οἱ γεωργοὶ εἰς τὴν ἀγοράν ἐν νῷ ἔχουσι φέρεσθαι ὑπὸ τῶν ζῴων, οὐκέτι γὰρ νέοι ἦσαν, καὶ μακρὰ ἦν ἡ ὁδός. ὁ δὲ γέρων ἐκβαίνει ἐκ τοῦ οἴκου καὶ καλεῖ τοὺς δούλους· – σπεύδετε δεῦρο, ὦ δοῦλοι, καὶ βοηθεῖτε· ἐγὼ γὰρ ἐν νῷ ἔχω βαδίζειν πρὸς τὸ ἄστυ. λαμβάνετε οὖν ταχέως τὴν ἅμαξαν καὶ φέρετε αὐτὴν πρὸς τὴν ὁδόν· ἐγὼ γὰρ ἄγω τὰ ζῷα. ἀλλὰ σπεύδετε· μικρὰ μὲν γὰρ ἐστὶν ἡ ἡμέρα, μακρὰ δὲ ἡ ὁδός. τὰ μὲν οὖν ζῷα ἄγεται ὑπὸ τοῦ δεσπότου ἐκ τοῦ σταθμοῦ, ἡ δὲ ἅμαξα φέρεται ὑπὸ τῶν δούλων πρὸς τὴν ὁδόν. ἐκεῖ δὲ ὁ δεσπότης ἄγει τὰ ζῷα εἰς τὸ ζυγὸν καὶ προσάπτει τὴν ἅμαξαν. τέλος δὲ ὁ γέρων εἰς τὴν ἅμαξαν ἀναβαίνει καὶ τὴν γαμετὴν καλεῖ· – σπεῦδε δεῦρο καὶ κάθιζε μετ’ ἐμοῦ· ἐθέλω γὰρ βαδίζειν ἤδη πρὸς τὴν ἀγοράν.	ἐπεὶ δὲ ἡ γυνὴ εἰς τὴν ἅμαξαν ἀναβαίνει, ὁ δεσπότης τὸ βάκτρον λαμβάνει, καὶ τύπτει τὰ ζῷα καὶ λέγει· – σπεύδετε, ὦ ζῷα· ἕλκετε τὴν ἅμαξαν καὶ βαίνετε πρὸς τὴν ἀγοράν. ἐπεὶ δὲ τῇ ἀγορᾷ προσχωροῦσιν, τὰ ζῷα μένει καὶ οὐκέτι ἕλκειν τὴν ἅμαξαν ἐθέλει. ὁ οὖν γεωργός – σπεύδετε εἰς τὴν ἀγοράν, ὦ ῥᾴθυμοι, λέγει· «διὰ τί μένετε;». τὰ δὲ ζῷα ἔτι μένει. ὁ οὖν γεωργὸς βλέπει πρὸς τὴν ὁδόν, καὶ ἰδοὺ ἡ ἅμαξα ἐμποδίζεται ὑπὸ λίθου. ὁ οὖν γεωργὸς λαμβάνει τὸν λίθον, ἀλλ’ οὐ δύναται αἴρειν αὐτόν· μέγας γάρ ἐστιν.	καλεῖ οὖν τοὺς δούλους καὶ «βοηθεῖτε δεῦρο, ὦ δοῦλοι», λέγει· «λίθος γὰρ μέγας τὴν ἅμαξαν ἐμποδίζει, τὰ δὲ ζῷα μένει καὶ οὐ δυνατόν ἐστιν ἄγειν αὐτὰ εἰς τὴν ἀγοράν». οἱ δοῦλοι οὖν πρὸς τὸν δεσπότην βαίνουσιν καὶ, ἐπεὶ βλέπουσι πρὸς τὸν λίθον, – «μέγας ἐστὶν ὁ λίθος, ὦ δέσποτα», λέγουσιν, «ἀλλὰ δυνατόν ἐστιν αἴρειν αὐτόν». ἅμα οὖν ὁ τε δεσπότης καὶ οἱ δοῦλοι αἴρουσι τὸν λίθον καὶ αὐτόν ἐκφέρουσιν ἐκ τῆς ὁδοῦ· ἔπειτα δὲ ὁ δεσπότης πάλιν τύπτει τὰ ζῷα, τὰ δὲ ζῷα οὐκέτι μένει, ἀλλὰ ἕλκει τὴν ἅμαξαν εἰς τὴν ἀγοράν.
4	Τέταρτον μάθημα	4 Εἰς τὸ θέατρον	Εἰς τὸ θέατρον	Nesta unidade achegarémonos ao teatro ateniense e á celebración das representacións dramáticas en honra de Dioniso, seguindo a viaxe de Simón e o seu amigo cara ao teatro. Desde o punto de vista lingüístico, traballaremos especialmente os verbos deponentes, os infinitivos dependentes doutros verbos e novos usos das preposicións e dos adxectivos.	Verbos deponentes, infinitivos dependentes de verbos de vontade, concordancia adxectival, usos de μετά, ἀπό, πρός e ἐν, e repaso da flexión nominal e verbal.	O teatro de Dioniso, a asistencia colectiva ás representacións dramáticas, os rituais relixiosos asociados ao teatro e a importancia cultural da traxedia en Atenas.	Os textos narran a chegada da xente ao teatro de Atenas, a visita de Simón á casa dun amigo que aínda dorme e a marcha final de ambos cara ás representacións en honra de Dioniso.	μέγας ὅμιλος ἐστὶν ἐν ταῖς Ἀθήναις. ἄνθρωποι καὶ παιδία πάρεισιν ἐν τῷ ὁμίλῳ.  οἱ πολῖται πολλὸν θόρυβον ποιοῦσιν. μέγας μὲν ὁ θόρυβος ἐστὶν ἐν ταῖς Ἀθήναις, μέγας δὲ ὁ ὅμιλος εἰς τὰς Ἀθήνας εἰσέρχεται. οἱ δοῦλοι σήμερον οὐκ ἐργάζονται. τὰ παιδία σήμερον οὐ καθεύδει. οἱ γεωργοὶ εἰς τοὺς ἀγροὺς οὐκ ἔρχονται. οἱ Ἀθηναῖοι εἰς τὸ θέατρον πορεύονται. οἱ τε δοῦλοι καὶ οἱ δεσπόται εἰς τὸ θέατρον βαδίζουσιν. πολλοὶ ναῦται εἰς τὰς Ἀθήνας ἀφικνοῦνται· τὰ παιδία διὰ τῶν ὁδῶν τρέχει. πολλοὶ γεωργοὶ καὶ πάρεισιν ἐν ταῖς ὁδοῖς· οἱ γεωργοὶ γὰρ ἀπὸ τῶν ἀγρῶν εἰς τὸ θέατρον πορεύονται. γέρων τις ἐκ τοῦ οἴκου ἐξέρχεται. τίς ἐστιν ὁ γέρων; ὁ γέρων ἐστὶ Σίμων. ποῖ πορεύεται ὁ ἀνήρ; Σίμων οὐκ εἰς τὸ θέατρον, ἀλλ’ εἰς τὸν τοῦ φίλου οἶκον βαδίζει. ὁ δὲ ἄνθρωπος χαλεπός ἐστι. διὰ τί οὕτως; διότι οἱ πολῖται τὸ θέατρον ἤδη πληροῦσιν, ὁ δὲ φίλος οὐ παραγίγνεται.	ἐπεὶ οὖν ὁ Σίμων εἰς τὸν τοῦ φίλου οἶκον ἀφικνεῖται, τῇ θύρᾳ προσχωρεῖ καὶ αὐτὴν κόπτει. ΣΙΜΩΝ· ἀνοίγετε τὴν θύραν, ὦ δοῦλοι· διὰ τί οὐκ ἀνοίγετε; ἆρα καθεύδετε; δοῦλοι, δοῦλοι. ΔΟΥΛΟΣ· τίς ἐστιν; τίς ἐκάλει; τίς ἔκοπτε τὴν θύραν; ΣΙΜΩΝ· ἐγὼ ἐκάλουν καὶ τὴν θύραν ἔκοπτον. ΔΟΥΛΟΣ· τί πάσχεις; τίς εἶ σύ; ΣΙΜΩΝ· πολίτης τις χαλεπός. λέγε μοι, ποῦ ὁ δεσπότης σου; ἆρα ἔνδον ἐστὶν ὁ δεσπότης; ΔΟΥΛΟΣ· ναί. ΣΙΜΩΝ· φέρε, ὦ δοῦλε, διὰ τί ἔτι μένεις; σπεῦδε καὶ κάλει τὸν δεσπότην. ΔΟΥΛΟΣ· ἀλλ’ ἀδύνατον· καθεύδει γὰρ ὁ δεσπότης ἥσυχος… ΣΙΜΩΝ· τί λέγεις; ἀδύνατον; ἆρα παίζεις ἐμέ; οἱ μὲν πολῖται τὸ θέατρον ἤδη πληροῦσιν, σὺ δὲ λέγεις ὅτι ὁ δεσπότης σου καθεύδει ἡσύχως. σπεῦδε οὖν καὶ τὸν δεσπότην ἔγειρε· αὐτῷ λέγε ὅτι ἐγὼ, ὁ Σίμων, πάρειμι. καιρὸς γάρ ἐστιν ἔρχεσθαι εἰς τὸ θέατρον.	ΦΙΛΟΣ· χαίρετε, ὦ ἄνθρωποι. λέγετέ μοι· τίς ὁ θόρυβος; τί γίγνεται, ὦ ἄνθρωποι; τίς ἐκέλευε καλεῖν με καὶ βούλεται με ἐγείρειν; ΣΙΜΩΝ· χαῖρε καὶ σύ, ὦ φίλε. ἐγώ ἐκέλευον σε καλεῖν, διότι ῥᾴθυμος εἶ· βάδιζε δεῦρο καὶ βλέπε πρὸς τὰς ὁδούς. οἱ γὰρ γεωργοὶ τὰς ὁδοὺς πληροῦσιν. ΦΙΛΟΣ· ἀλλὰ πόθεν ἔρχονται οἱ γεωργοί; ποῖ οἱ γεωργοὶ εἰσέρχονται; ΣΙΜΩΝ· οἱ γεωργοὶ εἰς τὸ θέατρον εἰσέρχονται. οἱ μὲν Ἀθηναῖοι ταχέως πορεύονται πρὸς τὸ θέατρον, σὺ δὲ ἔτι βούλῃ καθεύδειν. ὁ τοῦ Διονύσου ἱερεὺς τῷ βωμῷ ἤδη προσχωρεῖ καὶ σπονδὴν ποιεῖ. ἆρ’ οὐκ βούλῃ τάς τραγῳδίας βλέπειν; τέλος δὲ ὁ Σίμων καὶ ὁ φίλος ταχέως πορεύονται πρὸς τὸ τοῦ Διονύσου θέατρον.
5	Πέμπτον μάθημα	5 Ἡ ἑορτὴ ἡ τῆς θεοῦ	Ἡ ἑορτὴ ἡ τῆς θεοῦ	Nesta unidade achegarémonos ás festas relixiosas celebradas en honra dunha deusa ateniense e ao papel da comunidade nas procesións, cantos e sacrificios. Desde o punto de vista lingüístico, traballaremos a voz media, distintos usos de ὑπό e varios valores sintácticos do dativo.	Verbos deponentes e voz media, dativo instrumental, valores de περί + acusativo e ὑπό + acusativo, alternancia presente/imperfecto e complementos en dativo.	As festas relixiosas gregas, os santuarios urbanos, as procesións cara ao templo, os himnos aos deuses e as pregarias colectivas pola protección da comunidade.	Os textos narran a preparación dunha festa relixiosa en Atenas, a viaxe dunha familia de agricultores cara ao santuario e as oracións e ofrendas realizadas polos cidadáns á deusa.	ἐπεὶ δὲ πρῶτον ἀνατέλλει ὁ ἥλιος καὶ ἡ ἡμέρα γίγνεται, οἱ γεωργοὶ ἐγείρονται καὶ εἰς τοὺς ἀγροὺς ἔρχονται. ἐπεὶ οὖν τὰ ζῷα ἄγουσιν ὑπὸ τὸ ζυγόν, πονοῦσιν τῷ ἀρότρῳ οὐκ ὀλίγον χρόνον. ἐπεὶ δὲ μάλα κάμνουσι, ὑπὸ τοῖς δένδροις καθίζονται καὶ δειπνοῦσιν. μετὰ δὲ τὸ δεῖπνον ἄγγελός τις προσχωρεῖ. ἐπεὶ δὲ πάρεστιν, – «ἀκούετε, γεωργοί», λέγει· «ἀγγέλλω ὅτι αὔριον οἱ Ἀθηναῖοι ἑορτὴν ποιοῦσιν περὶ τὸ τῆς θεοῦ ἱερόν. ἆρ’ οὐκ ἐθέλετε αὐτὴν θεωρεῖν; οὐκ ἐν νῷ ἔχετε τὰ τέκνα ἐκεῖσε ἄγειν;» καὶ οἱ γεωργοὶ ἔχαιρον καὶ ἔλεγον· – «ἆρα ἀληθῶς ἑορτὴν ποιοῦσιν οἱ Ἀθηναῖοι; μάλιστα γὰρ ἐθέλομεν θεωρεῖν καὶ ἐν νῷ ἔχομεν βαδίζειν ἐκεῖσε.» ἐπεὶ δὲ ἡ νὺξ γίγνεται καὶ καταδύνει ὁ ἥλιος, οἱ γεωργοὶ πρὸς τοὺς οἴκους σπεύδουσιν ἐκ τῶν ἀγρῶν. ἐπεὶ δὲ ἀφικνοῦνται οἴκαδε, ἕκαστος γεωργὸς λέγει· – «ἀκούετε, τέκνα· ἄγγελος γὰρ πάρεισι καὶ λέγει ὅτι οἱ Ἀθηναῖοι ἑορτὴν ποιοῦσιν. ἆρ’ οὐκ ἐθέλετε ἐκεῖσε βαδίζειν;» τὰ δὲ τέκνα ἔχαιρεν διότι καὶ αὐτὰ βούλεται τὴν ἑορτὴν θεωρεῖν. ἐπεὶ δὲ πρῶτον ἀνατέλλει ὁ ἥλιος, οἱ γεωργοὶ τὰ τέκνα ἐκάλουν καὶ – «ἐγείρεσθε· ἐπαίρετε ὑμᾶς αὐτούς», ἔλεγον· «ὁ γὰρ ἥλιος ἀνατέλλει καὶ καιρός ἐστι βαίνειν πρὸς τὴν ἑορτήν. διὰ τί ἔτι καθεύδετε; ἆρ’ οὐκ ἐθέλετε εἰς τὴν ἑορτὴν ἔρχεσθαι; ἀλλὰ σπεύδετε, μικρὰ μὲν γὰρ ἐστὶν ἡ ἡμέρα, μακρὰ δὲ ἡ ὁδός.»	τέλος δὲ οἱ γεωργοὶ μετὰ τῶν τέκνων ἐκ τῶν ἀγρῶν εἰς τὸ τῆς θεοῦ ἱερὸν τὸ ἐν Ἀθήναις ἔρχονται. ὅδε ὁ γεωργὸς καὶ ἡ γυνὴ αὐτοῦ ἔρχεσθαι βούλονται πρὸς τὴν ἑορτήν. μετὰ δὲ αὐτῶν καὶ ἔρχεται δύο τέκνα, κόρη τε καὶ παιδίον. ἔβαινον οὖν ἐκ τοῦ οἴκου εἰς τὸ τῆς θεοῦ ἱερὸν τὸ ἐν Ἀθήναις. πρῶτον μὲν οἴκους, ἔπειτα δὲ καὶ λίθινας στήλας καὶ ἱερὰ ἔβλεπον· πλήρης γὰρ ἦν ὁ τόπος λίθινων στηλῶν καὶ ἱερῶν. διὰ δὲ τῶν στενῶν ὁδῶν εἰς τὸ τῆς θεοῦ ἱερὸν ἀναβαίνουσιν. ἐπεὶ δὲ οὐκ ὀλίγην ὁδὸν βαδίζουσιν, τὸ παιδίον μάλα κάμνει· φλέγει γὰρ ὁ ἥλιος καὶ κατατρίβει αὐτό. καθίζονται οὖν ὑπὸ τῷ δένδρῳ καὶ ἡσυχάζουσιν ὀλίγον χρόνον. ἔπειτα αἴρουσιν ἑαυτοὺς καὶ πάλιν πρὸς τὴν ἑορτὴν βαδίζουσιν.	ἤδη οἱ γεωργοὶ περὶ τὸ τῆς θεοῦ ἱερὸν ἦσαν. καὶ παρῆσαν ναῦται, δημιουργοὶ καὶ ἄλλοι πολῖται. ποιητὴς λαμπρὸς ᾠδὴν τῇ θεῷ ᾄδει·  “οὐ μὲν ὀλίγων ἀγαθῶν οἱ ἄλλοι θεοὶ τοῖς Ἀθηναίοις αἴτιοί εἰσιν· σὺ δὲ πολλάκις τῷ δήμῳ ἐν μάχαις νίκην καλὴν φέρεις. πολλάκις μὲν κίνδυνος τοῖς πολίταις ἐστίν, ἀεὶ δὲ αὐτοὺς σώζεις. νῦν οὖν ἄμυνε τοὺς τε στρατιώτας καὶ τοὺς ναύτας καὶ διάφθειρε τοὺς πολεμίους αὐτῶν”. ἐπεὶ δὲ ὁ ποιητὴς τὴν ᾠδὴν ᾄδει, καὶ οἱ γεωργοὶ ἱκετεύειν ἐθέλουσι τῇ θεῷ. πολλοὶ γεωργοὶ ἔθυον τῇ θεῷ καὶ ἔλεγον·  “ὦ θεέ, χαλεπός ἐστιν ὁ βίος ἡμῶν. μακρὸς γὰρ ἐστὶν ὁ πόνος, μικρὸς δὲ ὁ κλῆρος, καὶ ὀλίγον σῖτον παρέχει. ὦ θεέ, καὶ πλήθυνε τὰ ἀγαθὰ ἡμῶν”.
6	Ἕκτον μάθημα	6 Ὁ ἰατρός	Ὁ ἰατρός	Nesta unidade achegarémonos ao mundo da medicina e dos coidados no ámbito rural grego a través da historia dun agricultor atacado por un lobo e atendido posteriormente por un médico. Desde o punto de vista lingüístico, traballaremos os verbos contractos en -άω, os aumentos temporais e as construcións media-pasivas.	Verbos contractos en -άω, aumento temporal, imperativos medios, anáfora cero, construcións media-pasivas e repaso dos usos das preposicións e dos adxectivos.	A vida rural grega, o perigo dos animais salvaxes, a figura do médico, os tratamentos antigos e os coidados domésticos das feridas e enfermidades.	Os textos narran o ataque dun lobo a un agricultor, a intervención valente dun escravo para salvalo e a posterior chegada dun médico que trata a ferida no ámbito doméstico.	γεωργός τις καὶ ὁ δοῦλος αὐτοῦ ἐργάζονται ἐν τῷ κλήρῳ. ἐξαίφνης οὐκ ὀλίγον ψόφον ἀκούουσι· βοᾷ γὰρ μάλα ὁ κύων, τὰ δὲ μῆλα οὐκ ὀλίγον θόρυβον ποιεῖ. αὐτίκα ὁ μὲν γεωργὸς τῷ χωρίῳ προσχωρεῖ, ὁ δὲ δοῦλος τρέχει μετ’ αὐτόν. βούλονται γὰρ γιγνώσκειν τί πάσχει τὰ μῆλα. πρῶτος οὖν πάρεστιν ὁ γεωργὸς καὶ ἰδοὺ· περὶ τὰ μῆλα ὁρᾷ λύκον οὐ μικρόν. ὁ οὖν γεωργὸς μέγα βοᾷ καὶ λίθους λαμβάνει καὶ βάλλει εἰς τὸν λύκον· ὁ μὲν οὖν λύκος ἀποφεύγει, ὁ δὲ γεωργὸς διὰ τοῦ λόφου διώκει. ἐξαίφνης δὲ τὸ θερίον ἀναστρέφει καὶ εἰς τὸν γεωργὸν ὁρμᾶται. ὁ δὲ δοῦλος, ἐπεὶ περὶ τὰ μῆλα ἀφικνεῖται, τὸν δεσπότην οὐχ ὁρᾷ. μάλιστα οὖν φοβεῖται καὶ βοᾷ· «ὦ δέσποτα, ποῦ εἶ;». ὁ οὖν γεωργὸς τὸν δοῦλον καλεῖ καὶ «πορεύου δεῦρο, ὦ φίλε», ἔλεγε, «καὶ σῷζέ με». ἐπεὶ δὲ ὁ δοῦλος τοὺς τοῦ δεσπότου λόγους ἀκούει, ταχέως τρέχει πρὸς τὸν χωρίον καὶ ἰδοὺ· ὁ μὲν δεσπότης χαμαὶ ἦν, ὁ δὲ λύκος αὐτὸν ἐν τῷ ὦμῳ ὀδάξ εἶχε. ὁ δὲ δοῦλος οὐ φοβεῖται ἀλλ’ ἀνδρείως μάχεται τῷ λύκῳ· τῇ μὲν γὰρ ἀριστερᾷ ἐλάμβανε τὴν τοῦ θηρίου κεφαλήν, τῇ δὲ δεξιᾷ τὴν μάχαιραν ἐλάμβανε καὶ ἔτυπτε τὸν λύκον. ὁ δὲ λύκος δεινῶς ἐκλάζε καὶ ἔπιπτε πρὸς τὴν γῆν. οὕτως οὖν ὁ δοῦλος τὸν γεωργὸν ἔσῳζε.	ὁ δὲ γεωργός, ἐπεὶ ὁρᾷ τὸ θηρίον χαμαί, χαίρει καί· «ἀνδρεῖος εἶ», λέγει, «ὦ φίλε· ἐγὼ σὲ θαυμάζω καὶ τιμῶ. ἀλλὰ νῦν γε ἄγε με πρὸς τὸν οἶκον· μακρὰ γάρ ἐστιν ἡ ὁδός καὶ βαδίζειν οὐ δύναμαι· τραῦμα γὰρ μέγα ἔχω ἐν τῷ ὤμῳ». ὁ δὲ δοῦλος οὐ φοβεῖται ἀλλὰ τὸν δεσπότην φέρει οἴκαδε. ὁ οὖν δοῦλος, ἐπεὶ τὸν δεσπότην ἐν τῷ οἴκῳ λείπει, σπεύδει πρὸς τὴν ἀγοράν· ἐκεῖ γὰρ οἰκεῖ ὁ ἰατρός. ἐπεὶ δὲ ὁ δοῦλος εἰς τὸν τοῦ ἰατροῦ οἶκον ἀφικνεῖται, τὴν θύραν κόπτει καὶ «πορεύου μετ’ ἐμοῦ», λέγει, «ὁ γὰρ δεσπότης μου κακῶς πάσχει». ὁ δὲ ἰατρός, ἐπεὶ τοὺς τοῦ δούλου λόγους ἀκούει, αὐτίκα πρὸς τὸν τοῦ γεωργοῦ οἶκον σπεύδει.	ἐπεὶ δ’ ἐκεῖ ἀφικνεῖται, ἡ γυνὴ ἡ τοῦ γεωργοῦ αὐτὸν δέχεται καὶ ἄγει πρὸς τὸ κοιμητήριον. ἡ μὲν γυνὴ μάλιστα φοβεῖται, ὁ δὲ ἰατρός, «μὴ φοβοῦ, ὦ δέσποινα», ἔλεγεν· «ἐγὼ γὰρ τόνδε τὸν ἄνθρωπον σώζειν μέλλω». ὁ οὖν ἰατρός, ἐπεὶ τῷ γεωργῷ προσχωρεῖ καὶ τὸν ὦμον διασκοπεῖ, ὕδωρ τε θερμὸν καὶ οἶνον αἰτεῖ. πρῶτον μὲν τὸ ὕδωρ λαμβάνει καὶ σπόγγιαν λούει· ἔπειτα δὲ τὴν σπόγγιαν λαμβάνει καὶ τὸ τραῦμα λούει οἴνῳ· τέλος δὲ τὸν ὦμον χρίει οὐκ ὀλίγοις φαρμάκοις. «νῦν δὲ δεῖ», λέγει, «ἐν τῇ κλίνῃ μένειν καὶ καθεύδειν». ἐπεὶ δὲ γίνεται ἡ νύξ, οἱ μὲν ἄλλοι καθεύδουσιν, ἡ δὲ τοῦ γεωργοῦ γυνὴ οὐκ ἐκάθευδε ἀλλὰ ἐν τῷ κοιμητηρίῳ ἔμενε καὶ τὸ τραῦμα ἐθεράπευε.
7	Ἕβδομον μάθημα	7 Περὶ τοῦ Μινωταύρου	Περὶ τοῦ Μινωταύρου	Nesta unidade achegarémonos ao mito do Minotauro e ás figuras de Minos, Pasífae e Dédalo, explorando a relación entre os deuses, o poder e o castigo. Desde o punto de vista lingüístico, traballaremos especialmente o imperfecto medio-pasivo, os usos de περί + xenitivo e diversas construcións coa voz media e pasiva.	Imperfecto medio-pasivo, lexicalización da voz media, usos de περί + xenitivo, repaso do imperfecto de verbos contractos, substitucións nominais e transformacións activa/pasiva.	O mito do Minotauro, a figura de Minos como rei de Creta, a intervención de Poseidón, o castigo divino pola impiedade e o labirinto construído por Dédalo.	Os textos narran como Minos obtén o poder en Creta grazas á axuda de Poseidón, o nacemento do Minotauro tras a paixón de Pasífae polo touro divino e a construción do labirinto para encerrar a criatura.	ἐπεὶ δὲ ὁ τῆς Κρήτης βασιλεὺς ἀποθνῄσκει ἄπαιδος, Μίνως μὲν βασιλεύειν ἐβούλετο ἐν τῇ νήσῳ, ὑπὸ δὲ τοῦ δήμου ἐκωλύετο. τοῖς οὖν θεοῖς εὔχεται καὶ λέγει· «ὦ θεοί, ἐμὲ σῴζετε· ἐν τῇ μὲν γὰρ Κρήτῃ βούλομαι ἄρχειν, ὁ δὲ δῆμος με κωλύει». ὁ Μίνως μὲν οὕτως λέγει, Ποσειδῶν δὲ αὐτὸν ἐλεεῖ καὶ βούλεται βοηθεῖν. τὴν οὖν θάλασσαν ἔλειπε καὶ πρὸς τὴν γῆν ἐπορεύετο. ἐν δὲ ᾧ Μίνως καθεύδει, αὐτῷ προσχωρεῖ καὶ «μὴ φοβοῦ, ὦ ἄνθρωπε» λέγει· «ἐγὼ γάρ, Ποσειδῶν, πάρειμι. ἐλεῶ σε καὶ βοηθεῖν ἐθέλω· τὸν δῆμον οὖν κάλει καὶ θυσίαν παρασκεύαζε· ταῦρον γὰρ ἐν νῷ ἔχω σοι πέμπειν καλὸν ἐκ τῆς θαλάσσης· οὕτως γὰρ ὁ δῆμος μανθάνειν μέλλει ὅτι οἱ θεοὶ σε φιλοῦμεν. τέλος δὲ τὸν ταῦρον ἐμοὶ θῦε». ὁ θεὸς οὕτως λέγει καὶ αὖθις ἐπανέρχεται πρὸς τὴν θάλασσαν. ὁ δὲ ἀνὴρ μάλα χαίρει καί, ἐπεὶ ἐγείρεται τῇ ὑστεραίᾳ, τοῖς τοῦ θεοῦ λόγοις πείθεται. ταχέως οὖν τοὺς πολίτας καλεῖ καί, ἐπεὶ πᾶς ὁ δῆμος πάρεστιν ἐν τῇ ἀγορᾷ, «ὦ πολῖται» λέγει, «ὑμεῖς ἐμὲ μὲν οὐ φιλεῖτε, νῦν δὲ μέλλετε μανθάνειν ὅτι οἱ θεοὶ βούλονται ἐμοὶ παρέχειν τὴν βασιλείαν». ἐν δὲ ᾧ οὕτως ἔλεγε, ταῦρος καλὸς ἐπέμπετο αὐτῷ ὑπὸ τοῦ θεοῦ ἐκ τῆς θαλάσσης. ὁ μὲν δῆμος μάλα ἐθαύμαζε, Μίνως δὲ τὴν βασιλείαν ἐδέχετο.	ἀλλ’ ὅμως ὁ νέος βασιλεὺς τὸν μὲν καλὸν ταῦρον εἰς τὰ βουκόλια πέμπει, ἕτερον δὲ θύει. ὀργίζεται οὖν αὐτῷ Ποσειδῶν διότι οὐ θύει τὸν ταῦρον, καὶ τὸν ἄπιστον κολάζειν ἐβούλετο. Πασιφάη οὖν, ἡ τοῦ δεσπότου γυνή, ἐπεὶ τὸν ταῦρον ὁρᾷ, δεινῶς ἐρᾷ καὶ αὐτῷ συνερχεσθαι ἐβούλετο. οὕτως ὁ θεὸς ἐκόλαζε τὴν τοῦ νέου δεσπότου ἀπιστίαν. ἐν ᾧ τοῦτο ἔπασχε ἡ Πασιφάη ἐν τῇ Κρήτῃ, Δαίδαλος ὁ Ἀθηναῖος, ἀρχιτέκτων τις ἔνδοξος, μαθητὴν ἀποκτείνει. ἔπειτα λείπει τὰς Ἀθήνας καὶ φεύγει εἰς Κρήτην μετὰ Ἰκάρου τοῦ υἱοῦ. ἐπεὶ δὲ Δαίδαλός τε καὶ ὁ υἱὸς εἰς τὴν νῆσον ἀφικνοῦνται, ὁ βασιλεὺς δέχεται αὐτοὺς καὶ ἄγει πρὸς τὰ βασίλεια. Πασιφάη δέ, ἐπεὶ γιγνώσκει ὅτι ὁ σοφὸς ἐν τοῖς βασιλείοις ἐστίν, αὐτῷ προσχωρεῖ καὶ «ὦ ξένε» λέγει, «σῶζέ με· ἐγὼ γὰρ πολλὰ δῶρά σοι παρέχειν δύναμαι».	ἐπεὶ δὲ ἡ γυνὴ τῷ σοφῷ λέγει τὴν ἐπιθυμίαν αὐτῆς, οὗτος αὐτὴν σώζειν βούλεται. βοῦς μὲν οὖν ξυλίνος κατασκευάζεται ὑπὸ τοῦ Δαιδάλου, ἡ δὲ Πασιφάη ἔνδον εἰσβαίνει. οὕτως δὲ ὁ ταῦρος αὐτῇ συνέρχεται. ἡ δὲ Πασιφάη τίκτει Μινώταυρον, θηρίον δεινόν. οὗτος ἔχει ταύρου κεφαλήν, τὰ δὲ λοιπὰ ἀνθρώπου. ὁ δὲ βασιλεύς, ἐπεὶ τὴν τοῦ θηρίου κεφαλὴν ὁρᾷ, μάλ᾽ ὀργίζεται. κελεύει οὖν Δαίδαλον λαβύρινθον ποιεῖν τῷ Μινωταύρῳ. ἐθαυμάζετο οὖν μὲν ὁ Δαίδαλος διὰ τὸ ἔργον, ὁ δὲ βασιλεὺς ἔχαιρε. ἑορτὴν οὖν ποιεῖν κελεύει καὶ πολλὰ δῶρα παρέχει τῷ σοφῷ. ἐπεὶ δὲ γίνεται ἡ νύξ, ὁ Μίνως ἔρχεται πρὸς τὰ βασίλεια καὶ καλεῖ τὸ θηρίον καὶ ἄγει αὐτὸ πρὸς τὸν νέον οἶκον. ἐπεὶ δὲ ἀφικνοῦνται, οἱ δοῦλοι τὸν Μινώταυρον εἰσάγουσι καὶ ἐκεῖ αὐτὸν φυλάσσουσιν.
8	Ὄγδοον μάθημα	8 Ὁ Θησεὺς καὶ ὁ Μινώταυρος	Ὁ Θησεὺς καὶ ὁ Μινώταυρος	Nesta unidade achegarémonos ao mito de Teseo e o Minotauro, desde a viaxe dos mozos atenienses a Creta ata a morte do monstro e o regreso cara a Atenas. Desde o punto de vista lingüístico, traballaremos o aoristo sigmático, os relativos, o dativo temporal e diferentes estruturas sintácticas con verbos de movemento e percepción.	Nesta unidade achegarémonos ao mito de Teseo e o Minotauro, desde a viaxe dos mozos atenienses a Creta ata a morte do monstro e o regreso cara a Atenas. Desde o punto de vista lingüístico, traballaremos o aoristo sigmático, os relativos, o dativo temporal e diferentes estruturas sintácticas con verbos de movemento e percepción.	O mito de Teseo e o Minotauro, os sacrificios humanos impostos por Minos, o labirinto de Creta, a figura de Ariadna e a explicación mítica da orixe do mar Exeo.	Os textos narran a viaxe de Teseo a Creta, a axuda de Ariadna para escapar do labirinto, a morte do Minotauro e o tráxico regreso no que Exeo se suicida ao ver as velas negras do barco.	Μινώταυρος ἦν θηρίον δεινὸν ὃ ἀνθρώπους ἤσθιε. ὁ οὖν Μίνως ἐκέλευσε τοὺς Ἀθηναίους ἑπτὰ τε νεανίας πέμπειν καὶ ἑπτὰ παρθένους κατ’ ἔτος πρὸς τὴν Κρήτην. οὕτως γὰρ τῷ δεσπότῃ δυνατόν ἦν σῖτον παρέχειν τῷ θηρίῳ. ἐν δὲ ταῖς Ἀθήναις ἐβασίλευε ὁ Αἰγεύς· ὁ δὲ παῖς αὐτοῦ, ὃς Θησεὺς ὠνομάζετο, ἐπεὶ πρῶτον ἡβᾷ, τοὺς ἑταίρους ἐλεεῖ καὶ βούλεται σῴζειν. προσχωρεῖ οὖν τῷ δεσπότῃ καὶ «πάππα φίλε», λέγει, «ἐλεῶ τοὺς ἑταίρους οἳ πρὸς τὴν Κρήτην πέμπονται. βούλομαι οὖν μετ’ αὐτῶν ἔρχεσθαι καὶ σῴζειν». ὁ δὲ Αἰγεὺς μάλιστα φοβεῖται ἀλλ’ ὅμως πείθεται αὐτῷ. τῇ δὲ ὑστεραίᾳ, ἐπεὶ ὁ Θησεὺς εἰς τὸ πλοῖον εἰσβαίνει, ὁ Αἰγεὺς «τὰ ἱστία ἃ τόδε τὸ πλοῖον ἔχει», λέγει, «κελαινά εἰσιν· πορεύου οὖν εἰς τὴν Κρήτην καὶ τὸν Μινώταυρον ἀπόκτεινε· ἔπειτα δὲ οἴκαδε σπεῦδε καὶ στέλλε μὲν τὰ κελαινά ἱστία, αἶρε δὲ τὰ λευκά· οὕτως γὰρ ἐμοὶ δυνατόν ἐστι γιγνώσκειν ὅτι σῴζεσθε». ἐπεὶ δὲ ὁ Θησεὺς εἰς τὴν Κρήτην ἀφικνεῖται, ἡ Ἀριάδνη, ἡ τοῦ δεσπότου θυγάτηρ, ὁρᾷ τὸν Ἀθηναῖον καὶ δεινῶς ἐρᾷ.	ἐπεὶ οὖν γίγνεται ἡ νύξ, τὸν νεανίαν καλεῖ καί, «ἄκουε, ὦ ξένε», λέγει, «ἐγώ, Ἀριάδνη, βούλομαι σε σῴζειν. φέρε δή, ἐμὲ γάμει καὶ εἰς τὰς Ἀθήνας ἄγε». ὁ Θησεὺς ὅρκον ποιεῖται· τότε δ’ ἐκείνη τῷ νεανίᾳ λῖνον παρέχει. ἐπεὶ οὖν ὁ Θησεὺς τὸ λῖνον ἐξάπτει ἐκ τῆς τοῦ λαβυρίνθου θύρας, οἱ Ἀθηναῖοι εἰς τὸν σκότον εἰσέρχονται. οἱ μὲν νεανίαι μακρὰν ὁδὸν ἐπορεύοντο, ὁ δὲ Θησεὺς ἀεὶ ἐν τῇ δεξιᾷ εἶχε τὸ λῖνον. τέλος δὲ ὁ Ἀθηναῖος τὸν Μινώταυρον εὑρίσκει ἐν τῷ σκότῳ καὶ ὧδε ἀποκτείνει· τῇ μὲν ἀριστερᾷ ἐλάμβανε τὴν τοῦ θηρίου κεφαλήν, τῇ δὲ δεξιᾷ τὸ στέρνον ἔτυπτεν. ἔπειτα δὲ ὁ μὲν Θησεὺς ἐφέλκεται πάλιν τὸ λῖνον, οἱ δὲ νεανίαι ἐξέρχονται ἐκ τοῦ λαβυρίνθου. ἐπεὶ δὲ γίγνεται ἡ νύξ, σπεύδουσι πρὸς τὸ πλοῖον. ἐκεῖ δὲ τὴν Ἀριάδνην ὁρῶσιν· ἔμενε γὰρ περὶ τὸ πλοῖον. ὁ οὖν Θησεὺς τοὺς ἑταίρους ἐκάλεσε καὶ αὐτοὺς ἐκέλευσε ταχέως εἰσβαίνειν.	ἐπεὶ δὲ οἱ νεανίαι τοὺς τοῦ φίλου λόγους ἤκουσαν, τὰ ἱστία ἔλυσαν καὶ ἔπλευσαν πρὸς τὰς Ἀθήνας. πρῶτον μὲν οὖν πρὸς Νάξον τὴν νῆσον ἐπορεύσαντο. ἐπεὶ δὲ ἀφικνοῦνται, Διόνυσος ὁ θεὸς Ἀριάδνην ὁρᾷ καὶ δεινῶς ἐρᾷ· τὴν οὖν παρθένον ἁρπάζει ὁ θεὸς καὶ ἀναφέρει πρὸς τὸν οὐρανόν· ἡ δὲ Ἀριάδνη θεὸς γίγνεται καὶ ἐν τῷ οὐρανῷ μένει εἰς ἀεί. ἐπεὶ δὲ ὁ Θησεὺς ἀποπλεῖ, ἐπιλανθάνεται τῶν τοῦ δεσπότου λόγων καὶ οὐ στέλλει τὰ κελαινά ἱστία. ὁ οὖν Αἰγεὺς ἀπὸ τῶν Ἀθηνῶν ὁρᾷ μὲν ὅτι τὸ πλοῖον ἔχει τὰ κελαινά ἱστία, μάλιστα δὲ φοβεῖται περὶ τοῦ υἱοῦ· εἰς οὖν τὴν θάλασσαν ἑαυτὸν ῥίπτει καὶ οὕτως ἀποθνῄσκει. διὰ τοῦτο οὖν ἥδε ἡ θάλασσα Αἰγαῖος πόντος ὀνομάζεται.
9	Ἔνατον μάθημα	9 Περὶ Δαιδάλου καὶ Ἰκάρου	Περὶ Δαιδάλου καὶ Ἰκάρου	Nesta unidade achegarémonos ao mito de Dédalo e Ícaro, desde a construción do labirinto do Minotauro ata a fuga aérea e a caída de Ícaro. Desde o punto de vista lingüístico, traballaremos especialmente o aoristo temático, o xenitivo con verbos de dominio, os relativos e distintos valores sintácticos das preposicións.	Aoristo temático, xenitivo con verbos de dominio, relativos en acusativo, usos de μετά e ἐν, dativos instrumentais e de interese, concordancia nominal e repaso das preposicións.	O mito de Dédalo e Ícaro, o labirinto do Minotauro, a figura do inventor na tradición grega e a reflexión mítica sobre a desmesura e os límites humanos.	Os textos narran a chegada de Dédalo a Creta, a construción do labirinto, a fuga con Ícaro mediante ás artificiais e a caída do mozo ao desobedecer as advertencias do seu pai.	Δαίδαλος ὁ Ἀθηναῖος μαθητὴν ἐφόνευσεν, ὃν ἐθαύμαζεν. ἔπειτα ἔλιπε τὰς Ἀθήνας καὶ ἔφυγεν εἰς Κρήτην· καὶ δὴ καὶ ἔφυγεν μετ᾽ Ἰκάρου τοῦ υἱοῦ. ἀφίκοντο οὖν εἰς Κρήτην· τῆς δὲ νήσου τότε Μίνως ἦρχε. ἐπεὶ δὲ ὁ Μίνως, ὁ τῆς νήσου βασιλεύς, ἔμαθεν ὅτι ὁ σοφὸς ἦλθεν εἰς Κρήτην, ἤγαγεν αὐτὸν εἰς τὰ βασίλεια. μετὰ δὲ τὸν τοῦ Μινωταύρου τόκον, ὁ Μίνως ἐκέλευσε τὸν Δαίδαλον λαβύρινθον ποιεῖν τῷ θηρίῳ. ὁ γὰρ βασιλεὺς τὴν κεφαλὴν αὐτοῦ οὐ προσβλέπειν ἤθελεν. ἐθαυμάζετο οὖν ὁ Δαίδαλος διὰ τὸ ἔργον ὃ ἐποίησεν· καὶ ὁ δεσπότης ἔχαιρε καὶ ἑορτὴν ποιεῖν ἐκέλευσε. ἐπεὶ δὲ ἡ νὺξ γίγνεται, ὁ Μίνως τὸν Μινώταυρον εἰς τὸν νέον οἶκον ἄγει καὶ πολλὰ δῶρα τῷ σοφῷ παρέχει.	οὐκ ὀλίγον οὖν χρόνον ἐν Κρήτῃ ὁ Δαίδαλος διάγει, ἀλλ᾽ οὐ βούλεται ἐκεῖ μένειν εἰς ἀεί. τὴν μὲν Κρήτην ὁ σοφὸς λείπειν βούλεται μετ’ Ἰκάρου, ὁ δὲ Μίνως πλοῖον αὐτοῖς οὐ παρέχει. τέλος δ᾽ ὁ πατὴρ καλὴν μηχανὴν ηὗρε· πτερὰ γὰρ πολλὰ λαμβάνει καὶ αὐτὰ κηρῷ συνάπτει. ἐπεὶ δὲ ἡ ἡμέρα ἐγένετο, ὁ Δαίδαλος καὶ ὁ παῖς ἔλιπον τὴν νῆσον, ὁ δὲ πατὴρ ἐκέλευσε τὸν υἱὸν ἐν τῇ φυγῇ φεύγειν τὸν ἥλιον· οὗτος γὰρ τὸν τῶν πτέρων κηρὸν ταχέως τήκει. "φεῦγε μετ᾽ ἐμοῦ," εἶπε τῷ υἱῷ, "καὶ λάμβανε τὴν ὁδὸν τὴν ἐν μέσῳ τοῦ οὐρανοῦ καὶ τῆς θαλάσσης”.	ὁ δὲ Ἴκαρος εἶδε τὸν ἥλιον καὶ οὐκ ἐπείσατο τοῖς τοῦ Δαιδάλου λόγοις. ἐλύσατο οὖν τὰ πτερὰ καὶ αὐτὸς ἔπεσε εἰς τὴν θάλασσαν. Δαίδαλος δ᾽ ἔφυγε καὶ εἰς Σικελίαν ἀφίκετο· ἐν δὲ Σικελίᾳ καταφυγὴν παρέχει αὐτῷ ὁ Κόκαλος, ὁ βασιλεὺς ὁ τῶν Σικελῶν. ὁ δὲ Δαίδαλος ἀεὶ ἐν τοῖς Σικελοῖς διάγει, τὴν γλῶσσαν αὐτῶν μανθάνει καὶ ἐν πολλαῖς τιμαῖς ἀποθνῄσκει.
10	Δέκατον μάθημα	10 Περὶ τοῦ θανάτου	Περὶ τοῦ θανάτου	Nesta unidade achegarémonos ao mito de Dédalo e Ícaro, desde a construción do labirinto do Minotauro ata a fuga aérea e a caída de Ícaro. Desde o punto de vista lingüístico, traballaremos especialmente o aoristo temático, o xenitivo con verbos de dominio, os relativos e distintos valores sintácticos das preposicións.	Aoristo temático, xenitivo con verbos de dominio, relativos en acusativo, usos de μετά e ἐν, dativos instrumentais e de interese, concordancia nominal e repaso das preposicións.	O mito de Dédalo e Ícaro, o labirinto do Minotauro, a figura do inventor na tradición grega e a reflexión mítica sobre a desmesura e os límites humanos.	Os textos narran a chegada de Dédalo a Creta, a construción do labirinto, a fuga con Ícaro mediante ás artificiais e a caída do mozo ao desobedecer as advertencias do seu pai.	ὡς οἱ παλαιοὶ ἄνθρωποι ἔλεγον, Αἴολος ἦν μὲν δεσπότης τῶν ἀνέμων, πολλοὺς δὲ υἱοὺς εἶχε. ἀλλ᾽ οἱ θεοὶ τοὺς τοῦ Αἰόλου υἱοὺς οὐκ ἐφίλουν, ἥκιστα δὲ τὸν Σίσυφον· οὔποτε γὰρ τῶν θεῶν λόγων ἤκουεν. πέμπουσιν οὖν τὸν Θάνατον καὶ κελεύουσιν τὸν Σίσυφον ἀγαγεῖν εἰς Τάρταρον. ὁ δὲ δεσμοῖς μεγάλοις τὸν Θάνατον κατέσχε. τέλος δ᾽ Ἄρης, ὁ τῶν πολέμων θεός, πέμπεται ὑπὸ τῶν ἄλλων θεῶν παρὰ τὸν Σίσυφον, μετὰ τοῦ Ἑρμοῦ, τοῦ τῶν θεῶν ἀγγέλου. ὁ μὲν Ἄρης ἐλευθερίαν ἤνεγκε τῷ Θανάτῳ, ὁ δὲ Ἑρμῆς εἰς Τάρταρον τὸν Σίσυφον ἤγαγεν. ὅτε δὲ ὁ Σίσυφος ἀπέρχεται, οἱ δοῦλοι αὐτοῦ οὐ θάπτουσιν τὸν νεκρόν. ὁ Πλούτων οὖν οὐκ ἔχαιρε· «εἰ οὐ βούλῃ κολάζεσθαι», εἶπε τῷ Σισύφῳ, «ἀνελθὲ παρὰ τοὺς ἀνθρώπους καὶ τοὺς δούλους κέλευε τὸν νεκρὸν θάπτειν· ἔπειτα δὲ πάλιν δεῦρο κατέλθε». ὁ δὲ παρὰ τοὺς ἀνθρώπους ἀνῆλθε. ἐπεὶ δὲ εἰς τὸν οἶκον ἑαυτοῦ ἀφικνεῖται, οὐ βούλεται πάλιν κατελθεῖν εἰς τὸν τοῦ Ἅιδου οἶκον. αὐτίκα οὖν ὁ Θάνατος ἐν τοῖς ἀνθρώποις παρεγένετο, τὸν Σίσυφον ἔλαβε καὶ παρ᾽ Ἅιδην ἤγαγεν. ἐν τῷ Ταρτάρῳ οὖν ὧδε ὑπὸ Ἅιδου κολάζεται· λίθον μέγαν εἰς ἄκρον φέρει, ὁ δὲ λίθος ἐν τῷ ἄκρῳ οὐ μένει.	Τάνταλος Λυδίας ἐν πολλῷ πλούτῳ καὶ εὐδοξίᾳ ἦρχε. πολλάκις ἐν τῷ τῶν θεῶν οἴκῳ διῆγεν, διὰ γὰρ τὴν ἀρετὴν αὐτοῖς φίλος ἦν. ἀλλ᾽ ὅμως ἡ δόξα διαφθείρει τὴν τοῦ Ταντάλου ψυχήν, ὁ δὲ πολλαχῶς ὑβρίζει εἰς τοὺς θεούς. πρῶτον μὲν τοὺς τῶν Ὀλυμπίων λόγους, οὓς οἱ θεοὶ ἐν ἀπορρήτῳ ἔλεγον, ἤνεγκεν εἰς τοὺς ἀνθρώπους· ἔπειτα δὲ νέκταρ καὶ ἀμβροσίαν ἔλαβεν. τέλος δὲ τὸν υἱὸν ἑαυτοῦ ἀποκτείνει καὶ αὐτὸν παρέχει ἐν τῷ δείπνῳ τοῖς θεοῖς. οἱ μὲν οὖν ἄλλοι θεοὶ τὴν τοῦ ξένου κακουργίαν ἔμαθον καὶ οὐκ ἔφαγον, Δημήτηρ δέ, ἡ τῶν καρπῶν θεός, μόριον τοῦ ὤμου ἔφαγε· λύπης γὰρ τότε πλήρης ἦν ἡ θεὸς περὶ Περσεφόνης. μετὰ δὲ τὸ δεῖπνον οἱ θεοὶ τοῖς μὲν μορίοις πάλιν ποιοῦσιν τὸν νεανίαν, Τάνταλον δὲ βάλλουσιν εἰς Τάρταρον διὰ τὴν ἀδικίαν.	αἱ ψυχαὶ αἱ τῶν καλῶν καὶ ἀγαθῶν ἀνθρώπων εἰς τὰς τῶν μακαρίων νήσους ἐπέμποντο, αἱ δὲ τῶν κακῶν εἰς Τάρταρον. ὅτε δὲ ὁ Κρόνος τοῦ κόσμου ἐβασίλευε, οἱ ἄνθρωποι οἳ ἔμελλον ἀποθανεῖν ὑπὸ δικαστῶν θνητῶν ἐκρίνοντο ἐν τῇ γῇ. ἥδε δ᾽ ἡ κρίσις ἄδικος ἦν, ὡς οἱ Κρόνου υἱοὶ ἔλεγον. «εἰ γὰρ οἱ ἄνθρωποι» εἶπε ὁ Ζεύς «ἐσθῆτας ἔχουσι καλὰς, οἱ δικασταὶ οὐ γιγνώσκουσι τὴν τῆς ψυχῆς ἀλήθειαν»,. ἡ κρίσις οὖν ἐποιεῖτο ὧδε· αἱ ψυχαὶ ἐκρίνοντο ἐν τῷ Ἅιδου οἴκῳ· ἐν δὲ τῷ δικαστηρίῳ οἱ δικασταὶ ἦσαν ὁ τε Μίνως καὶ ὁ Ῥαδάμανθυς τε καὶ ὁ Αἰακός· οἱ δὲ τῶν ψυχῶν ἤκουον γυμνῶν.
11	Ἑνδέκατον μάθημα	11 Περὶ τοῦ ἐν Τροίᾳ πολέμου	Περὶ τοῦ ἐν Τροίᾳ πολέμου	Nesta unidade abordaremos o ciclo da guerra de Troia desde a perspectiva de Casandra e da caída da cidade. Linguisticamente introdúcese a terceira declinación e consolídanse estruturas narrativas xa coñecidas: aoristos temáticos, xenitivo partitivo, distributivo co artigo, relativos e usos variados das preposicións.	Terceira declinación (especialmente étnicos como Ἕλλην, Τρώς), xenitivo partitivo, distributivo οἱ μὲν… οἱ δέ…, demostrativos, relativos, pasiva, usos do dativo e repaso dos tempos históricos da narración.	A guerra de Troia, Casandra e a profecía ignorada, o cabalo de Troia, a destrución de Ilión e a visión grega da guerra, do destino e da caída das cidades.	Os textos narran a chegada de Helena a Troia, as advertencias de Casandra, o engano do cabalo de madeira e a destrución final da cidade polos aqueos. A unidade conclúe coa condena tráxica de Casandra, quen coñece a verdade pero non consegue ser escoitada.	ἐπειδὴ Ἑλένη ὑπὸ Ἀλεξάνδρου ἄγεται εἰς Ἴλιον, οὐκ ἔχαιρε Κασσάνδρα· ἔλεγε γὰρ ὡς ἐκείνη ἡ γυνὴ τοῖς Τρωσὶ θάνατον ἔφερε. ΚΑΣΣΑΝΔΡΑ: μὴ ἐθέλετε, ὦ Τρῶες, τήνδε τὴν γυναῖκα μεθ᾽ ἡμῶν· ὄνειρός τις γὰρ ἐμοὶ εἶπε δεινὰ πολλά. ΠΡΙΑΜΟΣ: ὦ θυγάτερ, δεῦρο ἐλθὲ καὶ εἰπὲ ἡμῖν περὶ τούτου τοῦ ὀνείρου. ΚΑΣΣΑΝΔΡΑ: οἱ μὲν οὖν Ἕλληνες προσήρχοντο πρὸς Ἴλιον, τοὺς δὲ Τρῶας ὁ φόβος ἔλαβε· πολὺς μὲν γὰρ ὁ τῶν Ἑλλήνων στρατός, ὀλίγοι δὲ οἱ Τρῶες. τῶν πολιτῶν, οἱ μὲν ἐπόνουν τὴν γῆν, οἱ δὲ πρὸς τοὺς Ἕλληνας ἐπήρχοντο καὶ περὶ τῆς ἐλευθερίας ἐμάχοντο· ἀγαθὸν γὰρ ἡ ἐλευθερία. οἱ Τρῶες οὖν ἐμάχοντο τοῖς Ἕλλησι δέκα ἐνιαυτούς· πολλὴ γὰρ ἦν ἡ τόλμα ἡ τῶν τε Ἕλλήνων καὶ τῶν Τρώων. τέλος δὲ ὁ ᾽Οδυσσεὺς δόλον τι ἐπεβούλευσεν· οἱ δὲ Ἀχαιοὶ ξύλινον ἵππον ἐποίησαν καὶ τοὺς ἀρίστους ἀνθρώπους ἐν τῷ ἵππῳ ἔκρυψαν. ἐν τῷ πεδίῳ τὸ δῶρον ἔλιπον· οἱ δὲ ἄλλοι ἐν μὲν ταῖς σκηναῖς πῦρ ἔβαλον, ἐν δὲ πλοίοις ἀπέπλευσαν πρὸς Τένεδον. 	ΚΑΣΣΑΝΔΡΑ: ἐπεὶ δὲ γίγνεται ἡ ἡμέρα, οἱ Τρῶες, ὡς ὁρῶσιν ὅτι οἱ Ἕλληνες τὸ πεδίον ἔλιπον, χαίρουσιν ὅτι οἱ πολέμιοι ἔφυγον εἰς τὴν πατρίδα γῆν. ἔπειτα δὲ εἰς τὴν ἀγορὰν τὸν ξύλινον ἵππον ἕλκουσιν καὶ τοῖς θεοῖς παρέχουσι τὸ δῶρον. ἐπεὶ δὲ ἐγένετο ἡ νὺξ καὶ οἱ Τρῶες ἐκάθευδον, τῶν Ἑλλήνων οἱ μὲν ἐκ Τενέδου ἐπανῆλθον, οἱ δὲ ἐξῆλθον ἐκ τοῦ ἵππου καὶ τὰς ᾽Ιλίου πύλας ἀνέῳξαν τοῖς ἑταίροις. ἐπεὶ δὲ τὴν ἀγορὰν διαβαίνουσιν, εἰς τοὺς οἴκους εἰσέρχονται καὶ τοὺς στρατιώτας ἡμῶν ἀποκτείνουσιν.	ἐν δὲ ταύτῃ τῇ μάχῃ τῶν Τρώων οἱ μὲν ἔφευγον, οἱ δὲ ἔμενον καὶ ἔπιπτον. καὶ τῶν Ἑλλήνων, οἱ μὲν ἀπέκτεινον τοὺς ἄνδρας ἡμῶν, οἱ δὲ τὰς γυναῖκας ἐλάμβανον. τέλος δὲ οἱ Τρῶες ἐνικῶντο ὑπὸ τῶν Ἑλλήνων. ἐπει δὲ οἱ Ἀχαιοὶ Ἴλιον διαφθείρουσιν, αἵ τε γυναῖκες καὶ οἱ παῖδες ἄγονται πρὸς τὴν Ἑλλάδα. ΑΛΕΞΑΝΔΡΟΣ: μανική εἶ σὺ, ὦ Κασσάνδρα. μὴ ἀκούσατε τήσδε τῆς γυναικός, ὦ Τρῶες. ΚΑΣΣΑΝΔΡΑ: ἐγὼ μανικὴ μὲν οὐκ εἰμι, πολλὰ δὲ γιγνώσκω. ΑΛΕΞΑΝΔΡΟΣ: σὺ οὐδὲν γιγνώσκεις, ἀλλὰ παίζεις πρὸς ἡμᾶς. ΚΑΣΣΑΝΔΡΑ: εἰ λέγεις ὅτι ἐγὼ οὐδὲν γιγνώσκω, ἁμαρτάνεις· πολλὰ γὰρ γιγνώσκει ὁ Ἀπόλλων· καὶ ὁ θεὸς ἀεὶ τὴν ἀλήθειάν μοι λέγει.
12	Δωδέκατον μάθημα	12 Περὶ τοῦ ἐν Τροίᾳ πολέμου (2)	Περὶ τοῦ ἐν Τροίᾳ πολέμου (2)	Nesta unidade continúa o ciclo da guerra de Troia, centrado agora na chegada efectiva do exército aqueo ás costas de Ilión e na reacción dos troianos ante o perigo inminente. Lingüisticamente introdúcense os substantivos neutros da terceira declinación, o indefinido τις e os aoristos con oclusiva, ao tempo que se consolidan estruturas distributivas, partitivas e oracións con ὡς.	Terceira declinación neutra, indefinido τις/τι, aoristos sigmáticos con oclusiva, usos substantivadores do artigo, xenitivo partitivo, oracións distributivas, valores de παρά segundo o caso e distintos usos de ὡς (temporal, causal, modal, completivo).	A expedición aquea contra Troia: Aúlide, os grandes heroes gregos (Aquiles, Odiseo, Áiax, Menelao, Néstor, Agamenón), a chegada ás costas troianas e o medo colectivo ante a inminencia da guerra.	Os textos describen a partida da frota grega desde Aúlide, a navegación ata Troia e o descubrimento das fogueiras gregas polos vixías troianos. A continuación preséntase a reacción da cidade: rumores, medo, pregarias e sacrificios aos deuses para pedir salvación ante a chegada do exército inimigo.	τὰ πλοῖα ἦν ἐν Αὐλίδι. ἐν δὲ Αὐλίδι ὁ τῶν Ἑλλήνων στρατὸς ἔβαινε εἰς τὰ πλοῖα. ἔπειτα εἰσέβαινον εἰς τὰ πλοῖα οἱ στρατηγοί. καὶ τῶν στρατηγῶν, ὁ Ἀχιλλεὺς τοὺς ἐκ Φθίας, ὁ Ὀδυσσεὺς τοὺς ἐκ τῆς Ἰθάκης, ὁ Αἴας τοὺς ἐκ Σαλαμῖνος, Μενέλαος τοὺς ἐκ τῆς Σπάρτης, Νέστωρ τοὺς ἐκ Πύλου ἦγε. τέλος δὲ καὶ Ἀγαμέμνων ὁ βασιλεὺς εἰσέβαινε μετὰ τῶν ἐκ τῆς Μυκήνης. ὡς οὖν Ἀγαμέμνων ἐκέλευσε, τὰ πλοῖα ἀπέπλευσε πρὸς Τροίαν. τὰ μὲν οὖν τῶν Ἑλλήνων πλοῖα πολλὰς ἡμέρας τε καὶ νύκτας ἔπλευσε, ὁ δὲ πλοίου τινὸς κυβερνήτης πρὸς τὴν γῆν ἔβλεψε. τί εἶδε ὁ κυβερνήτης; ὁ κυβερνήτης εἶδε Τροίαν. ἔπειτα δὲ ἄλλοι τε στρατηγοὶ καὶ Ἀγαμέμνων πρὸς τὴν γῆν ἔβλεψαν. τί εἶδον ἐκεῖνοι; καὶ ἐκεῖνοι Τροίαν ἔβλεψαν. ἦγον οὖν οἱ κυβερνῆται τὰ πλοῖα πρὸς τὴν χώραν τὴν τῶν βαρβάρων. ὡς οὖν ὁ τῶν Ἑλλήνων στρατὸς εἰς Ἴλιον ἀφίκετο, οἱ στρατιῶται πῦρα ἐποίουν. τῶν δὲ Ἰλίου πολιτῶν, φύλαξ τις τὰ πυρά εἶδε· ὡς δ᾽ αὐτὰ εἶδε, προσῆλθε παρὰ τοὺς ἄλλους φύλακας. αὐτοὺς οὖν καλεῖ καὶ «οἱ βάρβαροι παρὰ ἡμῖν εἰσιν» εἶπε «πυρά γάρ τινα ὁρῶ παρὰ τὴν θάλασσαν».	ΦΥΛΑΞ Α: σπεύδετε, ὦ φίλοι· δεῦρο ἔλθετε ταχέως καὶ ἐκεῖσε βλέπετε· παρὰ γὰρ τὴν θάλασσαν πυρά τινα ἐστίν. ΦΥΛΑΞ Β: τί λέγεις; πόθεν τὰ πυρά; ΦΥΛΑΞ Α: ὁπόθεν; βλέπε πρὸς τὴν θάλασσαν. ΦΥΛΑΞ Β: (βλέπει καὶ αὐτὸς τὴν θάλασσαν) ὦ Ζεῦ, τὰ πολέμια πλοῖα παρὰ ἡμῖν ἐστίν· ἀλλὰ, ποῖ βαίνεις, ὦ φίλε; ΦΥΛΑΞ Α: παρὰ Πρίαμον τὸν δεσπότην προσέρχομαι ΦΥΛΑΞ Γ: ἀλλὰ μένε, ὦ φίλε, καὶ εἰπέ μοι· διὰ τί σπεύδεις; ποῖ τρέχεις; ΦΥΛΑΞ Α: παρὰ Πρίαμον τρέχω ἐγώ. ΦΥΛΑΞ Γ: ἆρα κίνδυνός τις ἐστι; ΦΥΛΑΞ Α: νὴ τὸν Ἀπόλλωνα· ἐν κινδύνῳ ἐσμέν, δεινὸς δὲ ὁ κίνδυνος καὶ μέγας· πρὸς ἡμᾶς γὰρ ἐπέρχεται ὁ τῶν Ἑλλήνων στρατός. ΦΥΛΑΞ Γ: διὰ τί μένεις οὖν; μὴ μένε καὶ σπεῦδε παρὰ τὸν Πρίαμον. 	ὁ κῆρυξ οὖν τοῖς Τρωσὶ λέγει ὅτι οἱ Ἕλληνες παρὰ τὴν θάλασσάν εἰσιν. ὡς δὲ οἱ Τρῶες τὰ πῦρα παρὰ τὴν θάλασσαν εἶδον, μέγας θόρυβος ἐγένετο. πολλαὶ δὲ αἱ βοαί, οὐδαμοῦ δὲ κόσμος· νὺξ γὰρ ἦν καὶ πολλοὶ ἄνδρες ἐφαίνοντο ἐν ταῖς ὁδοῖς καὶ πρὸς τὰ πυρὰ ἔβλεπον. αὐτίκα δὲ τὸν δῆμον ἔλαβε μέγας φόβος· πολλὰ γὰρ τὰ τῶν Ἑλλήνων πλοῖα, πολλοὶ οἱ ἄνδρες. τῶν πολιτῶν οὖν οἱ πολλοὶ τὰς σπονδὰς τοῖς θεοῖς ἔσπενδον καὶ τὰς εὐχὰς ηὔχοντο. ΠΟΛΙΤΗΣ ΤΙΣ: ὦ θεοί, σῴζετε ἡμᾶς πάλιν· ὑμεῖς γὰρ πολλάκις σωτῆρες ἡμῶν, ἡμεῖς δὲ ἀεὶ περὶ τῆς σωτηρίας ὑμῖν θυσίας θύομεν· εἰ ὑμεῖς παρὰ ἡμῖν ἐστε, βεβαία ἡ σωτηρία ἡμῶν καὶ ἡ νίκη. ΠΑΙΣ: ἀλλὰ διὰ τί σπένδεις, ὦ πάτερ; ἆρα κίνδυνός τις ἐστι; ΠΟΛΙΤΗΣ: νὴ τὸν Ἀπόλλωνα· ἐν μεγάλῳ κινδύνῳ ἐσμέν· σπένδω διότι οἱ Ἕλληνες πρὸς ἡμᾶς ἔρχονται.
13	Τρισκαιδέκατον μάθημα	13 Ὀδυσσεύς καὶ οἱ Λωτοφάγοι	Ὀδυσσεύς καὶ οἱ Λωτοφάγοι	Nesta unidade continúa a viaxe de regreso de Odiseo tras a guerra de Troia, centrada primeiro no episodio dos Lotófagos e despois na chegada á illa dos Cíclopes. Lingüisticamente introdúcense os aoristos con líquida e nasal, as oracións consecutivas con ὥστε e novos usos do interrogativo e do relativo.	Aoristos con líquida e nasal (como αἴρω → ἦρα, ἀποκτείνω → ἀπέκτεινα), oracións consecutivas con ὥστε, interrogativos τίς / τίνες, usos do relativo en xenitivo e dativo, dativo posesivo, adxectivos compostos con δαίμων e consolidación de estruturas temporais e partitivas.	O regreso de Odiseo desde Troia: os Lotófagos, o esquecemento da patria provocado polo loto, a fidelidade de Penelope e a preparación do episodio dos Ciclopes. Tamén se introduce a importancia cultural do νόστος na épica grega.	Os textos presentan as dificultades do regreso de Odiseo tras a caída de Troia, a situación en Ítaca durante a súa ausencia e o episodio dos Lotófagos, cuxo alimento fai esquecer a patria e o regreso. Finalmente introdúcese a chegada á illa dos Ciclopes e a exploración da cova do xigante, preparando o desenvolvemento posterior do mito.	Ὀδυσσεύς ποτε τῆς Ἰθάκης ἦρξε καὶ τὴν τῆς νήσου πλοῦτον ἦρε. ὅτε δὲ ὁ  Ἀγαμέμνων καὶ οἱ Ἕλληνες πρὸς τὴν Τροίαν ἐστρατεύοντο, Ὀδυσσεὺς καὶ αὐτὸς μετὰ τῶν ἄλλων ἔπλευσε. πολὺν μὲν οὖν χρόνον περὶ Τροίαν ἐμαχήσαντο, τέλος δὲ οἱ Ἕλληνες ἐνίκησαν. μετὰ οὖν τὴν νίκην ᾽Οδυσσεὺς τοὺς ἑταίρους ἐκέλευσε εἰς τὰ πλοῖα εἰσβαίνειν καὶ ἀπὸ τῆς Τροίας οἴκαδε ἀπέπλευσαν. ὁ δὲ νόστος οὐκ ἄπονος ἐγένετο. ἐν οὖν τῇ ὁδῷ πολὺν χρόνον ἔπλευσαν καὶ πολλὰ τε καὶ κακοδαίμονα ἔπαθον. Ποσειδῶν γάρ, μετὰ τὰ ἐν τῇ τῶν Κυκλώπων χώρᾳ, τοὺς Ἕλληνας οὕτως ἐμίσει ὥστε ἀεὶ ἐβούλετο αὐτοὺς ἀποκτείνειν. πολλάκις μὲν οὖν χειμῶνας ὕπεσχον, πολλάκις δὲ εἰς ἄλλους κινδύνους μεγάλους ἔπεσον. ἀλλ᾽ ὅμως οἱ τῆς θαλάσσης κίνδυνοι οὐκ ἐκώλυσαν αὐτὸν ἀφικέσθαι εἰς τὴν Ἰθάκην. τίνες ἐκεῖ ἦσαν; ἐκεῖ ἦσαν Πηνελόπη τε, ἡ γυνὴ αὐτοῦ, καὶ Τηλέμαχος, ὁ υἱὸς αὐτοῦ. οἱ δ᾽ ἔλεγον ὡς Ὀδυσσεὺς ἔτι περίεστι. πολλοὶ μὲν νεανίαι Πηνελόπην ἐμνήστευον, πρὸς δὲ τῷ τοῦ δεσπότου οἴκῳ ἀεὶ ἦσαν. ἀλλ᾽ ὅμως Πηνελόπη οὐκ ἤθελεν ἄπιστος εἶναι τῷ ἀνδρί. δόλον οὖν τι παρεσκεύαζε καὶ τοὺς νεανίας ἔσφαλλεν. ἐπεὶ δὲ ὁ Ὀδυσσεὺς εἰς τὴν νῆσον ἀφίκετο, ἐπαύσαντο οἵ τε πόνοι οἱ τῆς γυναικὸς καὶ ἡ τῶν νεανίων ὕβρις. Ὀδυσσεύς τε γὰρ καὶ Τηλέμαχος αὐτοὺς μὲν ἀπέκτειναν τῷ τόξῳ, μετὰ δὲ Πηνελόπης διῆγον εὐδαίμονες.  	ἐπεὶ δὲ Ὀδυσσεὺς εἰς τὴν τῶν Φαιήκων χώραν ἀφίκετο, αὐτοῖς διῆρχετο τὰ δεινὰ ἃ ἐν τῇ θαλάσσῃ αὐτός τε καὶ οἱ ἑταῖροι ἔπαθον. «ἐπεὶ δὲ ἐγώ τε καὶ οἱ ἑταῖροι Τροίαν ἐλίπομεν, ἄνεμος ἐγένετο οὕτως δεινὸς ὥστε ἦγαγεν ἡμᾶς εἰς τὴν χώραν τὴν τῶν Λωτοφάγων. ὡς δὲ ἐκβαίνομεν, ἑταίρους τινὰς κελεύω πυθέσθαι τίνες ἄνδρες ἐκεῖ οἰκοῦσιν· οἱ δὲ τοὺς Λωτοφάγους ηὗρον, οἳ λῶτον ἤσθιον. οἱ δὲ ἑταῖροι οὐκ ἀπέχοντο τοῦ λώτου, ἀλλ᾽ ἔφαγον. αὐτίκα δὴ τῆς πατρίδος χώρας ἐπελάθοντο καὶ ἐπανελθεῖν οὐκέτι ἐβούλοντο, ἀλλ᾽ αὐτοῦ μετὰ τῶν Λωτοφάγων μένειν. ἐγὼ δὲ βιαίως αὐτοὺς εἰς τὸ πλοῖον ἦγαγον καὶ τοὺς ἄλλους ἑταίρους ἐκέλευσα ταχέως εἰς τὸ πλοῖον εἰσβαίνειν.»	μετὰ δὲ τὰ ἐν τῇ τῶν Λωτοφάγων χώρᾳ, ἐπλεύσαμεν εἰς νῆσόν τινα μικράν, δεῖπνον δὲ ἐποιήσαμεν ἐν τῷ αἰγιαλῷ. ἦν δὲ ἐγγὺς ἄλλη νῆσος. καπνὸν εἴδομεν καὶ φθογγὴν ἠκούσαμεν αἰγῶν. τῇ οὖν ὑστεραίᾳ τοὺς ἑταίρους ἐκέλευσα εἰς τὸ πλοῖον εἰσβαίνειν· ἐβουλόμην γὰρ εἰς τὴν νῆσον πλεῖν καὶ γιγνώσκειν τίνες ἐκεῖ οἰκοῦσιν. αὐτίκα οὖν ἀφικόμεθα εἰς τὴν νῆσον. ἐγγὺς δὲ τῆς θαλάσσης ἄντρον μέγα εἴδομεν καὶ πολλοὺς αἶγας. ἐγὼ οὖν τοῖς ἑταίροις εἶπον· «ὑμεῖς μὲν πρὸς τῷ πλοίῳ μένετε· ἐγὼ δὲ μετὰ τῶνδε τῶν ἀνθρώπων εἰς ἐκεῖνον ἄντρον ἐλθεῖν βούλομαι». δώδεκα οὖν τῶν ἑταίρων μοι ἕσποντο· οἱ δὲ ἄλλοι πρὸς τῷ πλοίῳ ἔμειναν.  Adaptado de HOMERO, Odisea IX, 83-180  
14	Τεσσαρακαίδεκατον μάθημα	14 Ὁ Ὀδυσσεύς καὶ ὁ Κύκλωψ	Ὁ Ὀδυσσεύς καὶ ὁ Κύκλωψ					ὡς δὲ εἰς τὸ ἄντρον ἀφικόμεθα, οὐδένα ἄνθρωπον εἴδομεν ἔνδον. οἱ οὖν ἑταῖροι, «ὦ φίλε», ἔφασαν «οὐδεὶς ἄνθρωπός ἐστιν ἔνδον. ἄγε οὖν πάντας τοὺς αἶγας πρὸς τὸ πλοῖον καὶ ἀπόπλει ταχέως». ἐγὼ δὲ οὐκ ἠθέλησα τοῦτο ἀκούειν· ἐβουλόμην γὰρ γιγνώσκειν τίς ἐν τῷ ἄντρῳ οἰκεῖ. οἱ δὲ ἑταῖροι μάλα ἐφοβοῦντο· ὅμως δὲ μοι ἐπείθοντο καὶ ἔμειναν ἐν τῷ ἄντρῳ. μετὰ δὲ ταῦτα ψόφον μέγαν ἠκούσαμεν καὶ εἰσῆλθε γίγας φοβερός, ᾧ ὀφθαλμὸς εἷς ἐν μέσῳ τῷ μετώπῳ ἦν. ἐγὼ τ᾽ οὖν καὶ οἱ ἑταῖροι μάλιστα ἐφοβούμεθα καὶ εἰς ἔσχατον τὸν ἄντρον ἐφύγομεν. ὁ δὲ γίγας πρῶτον τοὺς αἶγας εἰς τὸ ἄντρον εἰσάγει, ἐπεὶ δὲ πάντες οἱ αἶγες ἔνδον εἰσίν, λίθον μέγαν αἴρει καὶ εἰς τὴν τοῦ ἄντρου εἴσοδον βάλλει. ὁ δὲ λίθος πίπτει πρὸς τὴν γῆν. ὁ γίγας δὴ πρῶτον μὲν τοὺς αἶγας ἤμελγε, ἔπειτα δὲ δύο πῦρ ἐποίησε· οὕτως δὴ ἡμᾶς εἶδε καὶ, «ὦ ξένοι,» ἔφη «τίνες ἐστε καὶ πόθεν πλεῖτε; ἆρα κλέπται ἐστὲ οἱ διὰ τῆς θαλάσσης τὸ κακὸν τοῖς ἄλλοις ἀνθρώποις φέρουσι;» ἐγὼ δὲ «ἡμεῖς ᾽Αχαιοὶ ἐσμεν» ἔφην, «στρατιῶται τοῦ ᾽Αγαμέμνονος, οὗ δὴ νῦν ἡ δόξα μεγάλη ἐστι· τοῖς Τρωσὶ γὰρ πολὺν χρόνον ἐμαχήσατο καὶ τέλος αὐτοὺς ἐνίκησε. νῦν δὲ ἡμεῖς ἀπὸ τῆς Τροίας οἴκαδε ἐπανερχόμεθα, κακοὶ δὲ ἄνεμοι εἰς τὴν σὴν γῆν ἡμᾶς ἔνεγκον.»	ὁ δὲ κύκλωψ οὐδὲν ἀπεκρίνατο ἀλλ᾽ ἐπὶ τοὺς ἑταίρους ὡρμήσατο, δύο δὲ ἔλαβε καὶ πρὸς τὴν γῆν ἔκουε. ὁ δὲ ἐγκέφαλος χάμαι ἔρρει καὶ ἔδευε τὴν γῆν. ὁ δὲ γίγας τὰ σώματα ἤσθιε ὡς λέων καὶ οὐδὲν ἀπέλειπεν. καὶ τότε ἐγὼ οἶνον αὐτῷ παρέσχον καὶ «Κύκλωψ» ἔφην «πίε οἶνον, ἐπεὶ ἔφαγες ἀνθρώπεια σάρκα». καὶ ὁ Κύκλωψ πολὺν οἶνον ἔπιεν, ὥστε αὐτίκα μάλα εὐθύει. «ἐμοὶ τὸ σὸν ὄνομα» φησί «εἰπὲ αὐτίκα, δῶρόν τι γὰρ βούλομαι σοὶ παρέχειν». καὶ ἐγὼ «Κύκλωψ» φημί «ἐρωτᾷς τὸ ἐμὸν ὄνομα· καὶ ἐγώ σοι εἰπεῖν μέλλω. οὐδεὶς ἐμοὶ τὸ ὄνομα». ὁ δὲ γίγας «τὸ οὖν ἐμὸν δῶρον» φησὶ «τόδε ἐστίν· οὐδένα ἐγὼ ἔσχατον φαγεῖν βούλομαι μετὰ τοὺς ἑταίρους». 	ὁ δὲ Κύκλωψ ἔπεσεν ὕπτιος, καὶ ἔπειτα ἐκάθευδησε. ἐγὼ δὲ τότε ῥόπαλον μέγα ηὗρον καὶ τοὺς ἑταίρους ἐκέλευσα θερμαίνειν αὐτὸ ἐν τῷ πυρί. ἔπειτα δὲ ἦρα αὐτὸ ἐκ τοῦ πυρὸς καὶ ἤγαγον εἰς τὸν ἕνα ὀφθαλμὸν τὸν τοῦ γίγαντος. ὁ δὲ ἀνεπήδα καὶ δεινῶς ἐβόα. τὸ μὲν ῥόπαλον χαμαὶ ἔρριψε ταῖς χερσίν, τοὺς δὲ Κύκλωπας ἐκάλεσε, οἱ ἐν τῇ νήσῳ ᾤκουν. ὅτε δὲ ἐκεῖνοι τῆς βοῆς ἤκουσαν, ἔδραμον παρ᾽ αὐτόν. «διὰ τί, Πολύφημε,» φασί «ὧδε βοᾷς νυκτὸς καὶ ἡμᾶς ἐγείρεις; τίς σε ἀποκτείνει δόλῳ ἢ βίᾳ;» τοὺς δὲ ἐκ τοῦ ἄντρου ἀπεκρίνατο Πολύφημος· «ὦ φίλοι, Οὐδείς με ἀποκτείνει.» οἱ δὲ κύκλωπες «εἰ οὖν οὐδείς» φασί «σε βλάπτει, μὴ βόα». ὡς δὲ ταῦτα εἶπον, εἰς τοὺς οἴκους πάλιν ἐπανῆλθον. ἐγὼ οὖν διὰ τὸν δόλον ἐγέλασα· ὁ δὲ Πολύφημος λίθον μέγαν αἴρει καὶ εἰς τὴν τοῦ ἄντρου εἴσοδον βάλλει. τῇ δὲ ὑστεραίᾳ, ἐπεὶ πρῶτον ἀνέτειλε ὁ ἥλιος, ὁ γίγας τὸν λίθον ἐξῆρε ἐκ τῆς εἰσόδου καὶ πάντας τοὺς αἶγας ἐξέπεμψε. ἐγὼ οὖν τοὺς ἑταίρους ἔκρυψα ὑπὸ τοῖς αἰξί. οὕτως δὴ ὁ Κύκλωψ ἐξέπεμψε ἡμᾶς μετὰ τῶν αἰγῶν.  Adaptado de HOMERO, Odisea IX, 185-461
15	Πεντεκαιδέκατον μάθημα	15 Ὁ Ὀδυσσεύς καὶ ὁ Αἴολος	Ὁ Ὀδυσσεύς καὶ ὁ Αἴολος					ὡς δὲ ἐκ τοῦ μέλανος ἄντρου τοῦ Κύκλωπος ἐφύγομεν, ἐπανῆλθομεν ταχέως πρὸς τοὺς ἑταίρους. οἱ δὲ, ὡς ἡμᾶς εἶδον, ἔχαιρον. τῇ δὲ ὑστεραίᾳ, ἐπεὶ πρῶτον γίγνεται ἡ ἡμέρα, κελεύω αὐτοὺς εἰς τὸ μέλαν πλοῖον πάλιν εἰσβαίνειν. αὐτίκα δὲ εἰς νῆσον Αἰολίαν ἀφικόμεθα· ἐκεῖ δὲ ᾤκει Αἴολος, φίλος τοῖς ἀθανάτοις θεοῖς, ὃν Ζεὺς δεσπότην τῶν ἀνέμων ἐποίησε. ὁ δὲ ἡμᾶς εὐμενῶς δεχόμενος ἕνα μῆνα ξενίζει. ἀλλ᾽ ὅτε δὴ ἐγὼ ἐκέλευσα αὐτὸν ἡμᾶς ἀποπέμψαι, ἐκεῖνος παρεσκεύασε ἡμῖν τὴν πομπήν. πάρεσχε δὲ μοι ἀσκὸν τινα, εἰς ὃν πάντας τοὺς ἀνέμους κατέδησε πλὴν ἑνός, Ζεφύρου πραΰου. ὁ Ζέφυρος γὰρ τὸ ἡμέτερον πλοῖον φέρειν ἔμελλε εἰς τὴν πατρίδα γῆν. ἐννέα μὲν οὖν ἡμέρας ἐπλεύσαμεν, τῇ δὲ δεκάτῃ ἤδη ἐφαίνετο ἡ πατρὶς χώρα· ἐγὼ δὴ ἐνταῦθα λαμβάνομαι τῷ ὕπνῳ· οἱ δὲ ἑταῖροι ἐν ᾧ ἐγὼ ἐκάθευδον ἐπὶ τῷ πλοίῳ, περὶ ἐμοῦ εἶπον. «πολλά τε μὲν καὶ καλά,» ἔφη ἑταῖρός τις, «ἐκ Τροίας ἄγεται ὅδε ὁ ἀνήρ· ἡμεῖς δὲ τὴν αὐτὴν ὁδὸν τελοῦντες οἴκαδε ἐπανερχόμεθα τὰς χεῖρας ἔχοντες κενάς. καὶ νῦν αὐτῷ τάδε τὰ δῶρα πάρεσχε Αἴολος. ἄγε δὴ, λύετε τὸν μέλανα ἀσκὸν καὶ ταχέως ἴδετε ὁπόσος χρυσός τε καὶ ἄργυρος ἐν αὐτῷ ἐστίν».	ὡς δὲ ἔλυσαν τὸν ἀσκόν, εὐθὺς ἐξῆλθον πάντες οἱ ἄνεμοι καὶ χειμῶνα δεινὸν ἐποίησαν καὶ τὸ πλοῖον ἀπὸ τῆς πατρίδος γῆς ἀπήγαγον. ἐγὼ δὲ ἐγειρόμενος γιγνώσκω τί γίγνεται. ἠθύμουν καὶ ἐβουλόμην ῥίπτειν ἐμαυτὸν εἰς τὴν θάλασσαν. οἱ δὲ ἑταῖροι ἔσωσάν με· τὸ δὲ οὖν πλοῖον πάλιν ἐφέρετο τῷ δεινῷ χειμῶνι εἰς τὴν Αἰολίαν νῆσον. ἐπεὶ δὲ εἰς τὸν νῆσον ἀφικόμεθα, ὁ Αἴολος εἶπέ μοι· «πῶς ἦλθες, ὦ φίλε; τί ἔπαθες; τίς κακὸς δαίμων σε οὐ φιλεῖ;» «οἱ ἑταῖροι» — ἔφην — «τοὺς ἀνέμους ἔλυσαν ἐν ᾧ ἐγὼ ἐκάθευδον» «ἀπελθε ἐκ τῆσδε τῆς νήσου» ἔφη ὁ Αἴολος· «οὐ γάρ μοι ἔξεστι βοηθῆσαι ἀνδρὶ ὃς οὐ φίλος τοῖς ἀθανάτοις θεοῖς· τάδε τὰ δεινὰ γὰρ δήπου πάσχεις τοῖς ἀθανάτοις θεοῖς ἀπεχθανόμενος».	ὁ δὲ Αἴολος, ὡς ταῦτα εἶπεν, ἡμᾶς ἀπέπεμπε ἐκ τῶν βασιλείων. ἔνθεν δὲ ἀπεπλεύσαμεν λυπούμενοι ἐννέα τε ἡμέρας καὶ νύκτας, καὶ τῇ δεκάτῃ εἰς τὴν νῆσον Αἰαίαν ἀφικόμεθα· ἐκεῖ δὲ ᾤκει ἡ Κίρκη, δεινὴ θεός, ἀδελφὴ Αἰήτου καὶ θυγάτηρ τοῦ Ἡλίου. κατηγαγόμεθα οὖν τὸ πλοῖον σιγῇ εἰς λιμένα, ἐκεῖ δὲ τότε ἐκβαίνοντες δύο τε ἡμέρας καὶ νύκτας ἐμείναμεν. τῇ δὲ τρίτῃ ἐγὼ ἐμὴν μὲν μάχαιραν λαμβάνω, ἐκ δὲ τοῦ πλοίου ἐπὶ ὄρος τι ἀναβαίνω, ἐλπίζων ἰδεῖν ἄνθρωπόν τινα. εἰς δὲ ἄκρον τὸ ὄρος ἀφικνούμενος, καπνὸν εἶδον πρὸς τὸν οὐρανὸν ἀναβαίνοντα. πρὸς τὸ πλοῖον οὖν ἀνῆλθον καὶ τῶν ἑταίρων τοὺς μὲν ἐκέλευσα πρὸς τῷ πλοίῳ μένειν, τοὺς δὲ ἐκέλευσα πρὸς μέσην τὴν νῆσον πορευομένους γιγνώσκειν τίς ἐκεῖ οἰκεῖ.  Adaptado de HOMERO, Odisea X, 1-205 
16	Ἑκκαιδέκατον μάθημα	16 Ὁ Ὀδυσσεὺς καὶ ἡ Κίρκη	Ὁ Ὀδυσσεὺς καὶ ἡ Κίρκη					ὁ δὲ Εὐρύλοχος τοῖς ἑταίροις ἡγεῖτο. οἱ δὲ τὸν τῆς Κίρκης οἶκον ηὗρον ἐν καλῷ χωρίῳ. περὶ δὲ τὸν οἶκον λύκοι ἦσαν πολλοὶ καὶ λέοντες, οὓς αὐτὴ ἔθελξεν, κακὰ φάρμακα παρασχοῦσα. οἱ δὲ ἑταῖροι, ἐπεὶ δὲ ταῦτα θηρία εἶδον, μάλα ἐφοβήσαντο, ἔμειναν δὲ ἐπὶ τῇ θύρᾳ καὶ τῆς Κίρκης ἔνδον ἤκουσαν ἀδούσης φωνὴ καλὴ. ἐβόησαν οὖν τὴν θεὸν καλοῦντες, ἡ δὲ τῶν ἑταίρων ἤκουσε. ἔπειτα δὲ ἐξελθοῦσα τὴν θύραν ἀνέῳξε καὶ αὐτοὺς ἐκάλεσε. οἱ δὲ πάντες αὐτῇ ἕσποντο ἀσόφως. ὅμως δὲ Εὐρύλοχος ἔξω ἔμεινε, νομίζων δόλον εἶναι. ἡ δὲ τοὺς ἄλλους εἰσαγαγοῦσα καθίζει ἐπὶ θρόνων, καὶ αὐτοῖς τυρὸν τε καὶ ἄλευρον καὶ μέλι οἴνῳ μίσγει· βάλλει δὲ ἐν τῷ σίτῳ φάρμακα κακά. ἐπεὶ δὲ οἱ ἑταῖροι ἔφαγον τὸν σῖτον, ἡ Κίρκη ῥάβδῳ αὐτοὺς πλήσσουσα ἔλεγε· «ἔλθετε νῦν εἰς τοὺς συφεοὺς καὶ μετὰ τῶν σῶν βάλανους φάγετε». οἱ δὲ συῶν μὲν εἶχον τὰς τε κεφαλὰς καὶ τὸ σῶμα καὶ τὴν φωνήν, ὁ δὲ νοῦς ἦν ὑγιής. Εὐρύλοχος δὲ ὡς τάχιστα ἦλθε ἐπὶ τὸ πλοῖον καὶ ἡμῖν εἶπεν τὴν ἀγγελίαν. ἐγὼ δὲ πολλὰ ἔτι καὶ δεινὰ ἔπαθον εἰς τὴν πατρίδα γῆν νοστῶν. τὰς γὰρ Σειρῆνας μόλις ἔφυγον, καὶ παρὰ τὴν Σικελίαν πλέων εἰς μέγαν κίνδυνον ἔπεσον. ἔνθεν μὲν γὰρ ἡ Σκύλλη — ἡ δώδεκά τε πόδες ἦσαν καὶ ἓξ κεφαλαί — ἐξ ἄντρου τινὸς ὁρμωμένη τοὺς ναύτας ἐλάμβανε καὶ ἀπέκτεινεν· ἔνθεν δ᾽ ἦν ἡ Χάρυβδις, δίνη μάλα φοβερά, ἣ τὸ τῆς θαλάσσης ὕδωρ ἔπινε.	ἐν ᾧ δὲ ἡμεῖς τὴν Χάρυβδιν ἐβλέπομεν φοβούμενοι τὸν θάνατον, τότε ἡ Σκύλλη ἔξω τοῦ δεινοῦ ἄντρου ἐκβαλοῦσα τὰς κεφαλάς, ἓξ τῶν ἑταίρων μοι εἵλετο ἐκ τοῦ πλοίου. λαβοῦσα δὲ αὐτοὺς πρὸς τὰς πέτρας ἔρριψε καὶ αὐτοῦ ἤσθιε βοῶντάς τε καὶ τὰς χεῖρας ἐμοὶ ὀρέγοντας. ἐπεὶ δὲ τήν τε δεινὴν Χάρυβδιν ἐφύγομεν καὶ τὴν Σκύλλην, αὐτίκα εἰς ἄλλην τινὰ νῆσον ἀφικόμεθα· ἐκεῖ δὲ πολλὰς βοῦς ηὗρομεν. ἐγὼ «ὦ φίλοι,» ἔφην «ἐν τῷ πλοίῳ σῖτός τε καὶ οἶνός ἐστιν, οὓς ἡμῖν παρέσχε ἡ ἀθάνατος Κίρκη. ἄγε δὴ, τῶν βοῶν ἀπέχεσθε· δεινοῦ γὰρ θεοῦ εἰσὶ αἵδε αἱ βόες, τοῦ ῾Ηλίου, ὃς πάντα ὁρᾷ καὶ πάντ᾽ ἀκούει».	οἱ δὲ ἑταῖροι, ἕως μὲν σῖτον εἶχον καὶ οἶνον, τῶν βοῶν ἀπείχοντο. ἀλλ᾽ ὅτε ὁ σῖτος ἐφθίτο καὶ ἔτριβε τὴν γαστέρα ὁ λιμός, τότε τὰς ῾Ηλίου βοῦς λαβόντες ἀπέκτειναν. ὁ μὲν οὖν ῞Ηλιος τῷ πατρὶ Διὶ εὐχόμενος, «Ζεῦ πάτερ», φησίν, «καὶ ἄλλοι θεοὶ ἀεὶ ὄντες μακάριοι· τοὺς ξένους τιμώρει, οἱ τοὺς ἐμοὺς βοῦς ἀπέκτειναν. εἰ δὲ μή, καταβαίνω παρὰ ῎Αιδην καὶ ἐν τοῖς νεκροῖς λάμπω». αὐτῷ δὲ Ζεὺς ἀπεκρίνατο τάδε· «῞Ηλιε, σὺ ἐν τοῖς τε θεοῖς καὶ τοῖς ἀνθρώποις λάμπε· ἐγὼ γὰρ τοὺς ξένους τιμωρεῖν μέλλω». ὅτε οὖν ἐγώ τε καὶ οἱ ἑταῖροι ἀποπλέοντες τὴν νῆσον ἐλείπομεν καὶ ἡ γῆ οὐκ ἐφαίνετο, δὴ τότε χειμῶνα δεινὸν ἔπεμψε καὶ ἐν τῷ πλοίῳ ἔβαλε κεραυνόν. ἔπεσον οὖν ἐκ τοῦ πλοίου οἱ ἑταῖροι καὶ εἰς τὴν πατρίδα γῆν οὐκέτι ἐπανῆλθον· μόνος δὲ ἐγὼ ἔφυγον, τοῦ ἱστοῦ λαβόμενος.  Adaptado de HOMERO, Odisea, X, 206-245; XII, 208-419
17	Ἑπτακαιδέκατον μάθημα	17 Περὶ τῶν Ἀργοναυτῶν	Περὶ τῶν Ἀργοναυτῶν					Αἴσονος δὲ καὶ Πολυμήδης ἐγένετο Ἰάσων. οὗτος ᾤκει ἐν Ἰωλκῷ, ὅπου Πελίας ἐβασίλευεν. τούτον χρώμενον περὶ τῆς βασιλείας ἐκέλευσε ὁ θεὸς τὸν ᾽Ιάσονα φυλάξασθαι. ὁ βασιλεὺς οὖν τὸν Ἰάσονα μετεπέμψατο καὶ αὐτῷ ἔλεγε· «χρησμός ἐστί μοι ὑπό τινος μέλλειν ἀποθανεῖν τῶν πολιτῶν. συμβούλευέ μοι». ὁ δὲ Ἰάσων «τὸ χρυσομαλλον δέρας» ἔφη «ἐπίτασσε φέρειν αὐτῷ». τοῦτο Πελίας ἀκούσας εὐθὺς ἐπὶ τὸ δέρας ἐλθεῖν ἐκέλευσεν αὐτόν. τοῦτο δὲ ἐν Κόλχοις ἦν, ἐφυλάσσετο δὲ ὑπὸ δράκοντος ἀύπνου. ἐπὶ τοῦτο πεμπόμενος Ἰάσων «Ἀργον» παρεκάλεσε τὸν Φρίξου, καὶ ἐκεῖνος τριήρη κατεσκεύασε. ὡς δὲ Ἄργος τὴν τριήρη κατεσκεύασε, Ἰάσων, συναθροίσας τοὺς ἀρίστους τῆς Ἑλλάδος, ἀπέπλευσεν. ὡς δ᾽ εἰς Κολχοὺς ἀφίκετο, ἐπορεύετο πρὸς Αἰήτην καὶ ᾔτει τὸ δέρας· ἀλλ᾽ ὅμως ὁ βασιλεὺς τὸ μὲν δέρας οὐκ ἐπέτρεψε, ἐβούλετο δὲ τήν τε τριήρη καῦσαι καὶ ἀποκτεῖναι τοὺς ξένους. ἐν ᾧ ᾽Ιάσων Αἰήτῃ διαλέγεται, Μήδεια αὐτοῦ ἐρᾷ· ἦν δὲ αὕτη θυγάτηρ Αἰήτου καὶ φαρμακὶς δεινή. Μήδεια δὲ τὸν ᾽Ιάσονα νυκτὸς ἐπὶ τὸ δέρας ἤγαγε· καὶ τὸν δράκοντα κατακοιμίσασα τοῖς φαρμάκοις, μετὰ ᾽Ιάσονος ἐπὶ τὴν τριήρη παρεγένετο ἔχουσα τὸ δέρας. εἵπετο δὲ αὐτῇ καὶ ὁ ἀδελφὸς Ἄψυρτος. οἱ δὲ νυκτὸς μετὰ τῶν Ἀργοναυτῶν ἀπέπλευσαν. Αἰήτης δὲ μαθὼν τὸ πρᾶγμα ἐδίωκε τὴν τριήρη. ἰδοῦσα δὲ αὐτὸν πλησίον τοῦ τριήρους ὄντα Μήδεια τὸν ἀδελφὸν ἀποκτείνει· καὶ μελίσασα πρὸς τὴν θάλασσαν ῥίπτει. συναθροίζων δὲ Αἰήτης τὰ τοῦ παιδὸς μέρη τῶν φυγάδων ἐπιλανθάνεται.	Πελίας δὲ ἀπίστησας τὸν τῶν Ἀργοναυτῶν νόστον τὸν Ἰάσονος πατέρα ἀπέκτεινε. ὁ δὲ Ἰάσων κατελθὼν τὸ μὲν δέρας πάρεσχεν, Μήδειαν δὲ παρεκάλεσε κολάζειν Πελίαν. ἡ δὲ εἰς τὰ βασίλεια τοῦ Πελίου παρελθοῦσα καλεῖ τὰς θυγατέρας αὐτοῦ καὶ κριὸν μελίσασα καὶ καθεψήσασα ἐποίησεν ἄρνα. «διὰ τοῦδε τοῦ φαρμάκου» ἔφη «τὸ αὐτὸ ποιῆσαι δύναμαι τῷ ὑμετέρῳ πατρί. ἄγε δὴ, μελίζετέ τε καὶ καθεψεῦτε καὶ ὑμεῖς τὸν πατέρα· ἐγὼ γὰρ αὐτὸν μέλλω ποιεῖν νέον». αἱ μὲν πιστεύσασαι τὸν πατέρα μελίζουσι καὶ καθεύουσιν· Μήδεια δὲ καὶ Ἰάσων φεύγουσιν εἰς Κόρινθον.	καὶ πολὺν μὲν χρόνον διῆγον εὐτυχεῖς, τῇ δὲ δεκάτῃ ἔτει ὁ τῆς Κορίνθου βασιλεὺς Κρέων τὴν θυγατέρα Γλαύκην Ἰάσονι ἐγγυᾷ· ὥστε Ἰάσων, Μήδειαν λιπών, Γλαύκην γαμεῖ. ἀλλὰ Μήδεια, τὴν Ἰάσονος ἀχαριστίαν μεμψαμένη πολλάκις, πρᾶγμα ἐπιβουλεύει δεινόν. πρῶτον μὲν, πέπλον βαφάσα ἐν φαρμάκοις, τῇ παρθένῳ ἔπεμψεν. ἡ δέ, ὡς τὸν πέπλον ἐνδύεται, αὐτίκα μετὰ τοῦ βοηθοῦντος πατρὸς πυρὶ λάβρῳ καίεται. τέλος δὲ Μήδεια τοὺς παῖδας οὓς εἶχεν ἐξ Ἰάσονος ἀπέκτεινε· καὶ, λαβοῦσα ἅρμα πτηνῶν δρακόντων, ἐπὶ τούτου φεύγουσα ἦλθεν εἰς Ἀθήνας.   Adaptado de APOLODORO, Bibliotheca, I, 107-146
18	Ὀκτωκαιδέκατον μάθημα	18 Οἱ τοῦ Ἡρακλέους ἆθλοι (α)	Οἱ τοῦ Ἡρακλέους ἆθλοι (α)					Ἡρακλῆς ἦν υἱὸς Ἀλκμήνης καὶ Διός· παρ᾽ ὅλον οὖν τὸν βίον ἐχθρὸς ἦν τῇ Ἥρᾳ. τῷ δὲ πρώτῳ τοῦ βίου ἔτει δύο δράκοντας μεγάλους Ἥρα ἐπὶ τὴν εὐνὴν ἔπεμψεν, ἀποκτεῖναι τὸν τοῦ Κρονίωνος υἱὸν ἐθέλουσα· Ἡρακλῆς δὲ ἀφόβως τοὺς δράκοντας λαβών, ταῖς χερσὶν διέφθειρε. ὅτε δ᾽ Εὐρυσθεὺς Μυκηνῶν ἐβασίλευε, ῞Ηρα τὸν Ἡρακλέα μαίνει· καὶ μαινόμενος τοὺς ἰδίους παῖδας, οὓς ἐκ Μεγάρας εἶχεν, εἰς πῦρ βάλλει, λέγων ὡς Γίγαντές εἰσιν. σώφρων δὲ πάλιν παρεγένετο εἰς τὸ ἄστυ Δελφούς· ἡ δὲ Πυθία ἐκέλευσεν αὐτὸν ἐν τῇ πόλει Μυκήναις οἰκεῖν, τῷ Μυκηνῶν δεσπότῃ δουλεύοντα ἔτη δώδεκα, καὶ τοὺς ἐπιτασσομένους ἆθλους τελεῖν. τοῦτο δ᾽ ἀκούσας ὁ ῾Ἡρακλῆς εἰς τὴν πόλιν Μυκήνας ἦλθε, καὶ Εὐρυσθεὺς αὐτῷ ἐπιτάσσει δέκα ἆθλους τελέσαι. πρῶτον οὖν Εὐρυσθεὺς ἆθλον ἐπέταξε τῷ ῾Ἡρακλεῖ τοῦ Νεμέου λέοντος τὸ δέρμα φέρειν· τοῦτο δὲ ζῷον ἦν ἄτρωτον. εἰς οὖν τὴν Νεμέαν ἀφικόμενος καὶ τὸν λέοντα εὑρών ἐτόξευσε τὸ πρῶτον· ὡς δὲ ἔμαθεν ὅτι τὸ ζῷον ἄτρωτόν ἐστι, λαβὼν τὸ ῥόπαλον ἐδίωκε. ἐπεὶ δὲ ὁ λέων ἔφυγεν εἰς ἀμφίστομον ἄντρον, ὁ ῾Ἡρακλῆς τὴν ἑτέραν ἐκάλυψεν εἴσοδον. διὰ δὲ τῆς ἑτέρας προσῆλθεν αὐτῷ, καὶ ἔπνιξε ταῖς χερσί. καὶ τὸν λέοντα φέρων ἐπὶ τῶν ὤμων ἐπανῆλθεν εἰς Μυκήνας.	δεύτερον δὲ ἆθλον ἐπέταξεν αὐτῷ Εὐρυσθεὺς ἀποκτεῖναι τὴν Λερναίαν ὕδραν, θηρίον δεινόν. αὕτη δὲ κατὰ ἔτος ἐξέβαινεν εἰς τὸ τῆς Λέρνης πεδίον καὶ τὴν χώραν διέφθειρεν. εἶχε δὲ ἡ ὕδρα μέγα σῶμα, κεφαλὰς ἔχον ἐννέα, τὰς μὲν ὀκτὼ θνητάς, τὴν δὲ μέσην ἀθάνατον. ἐπιβαίνων οὖν ἐφ᾽ ἅρματος μετὰ τοῦ Ἰολάου, παρεγένετο εἰς τὴν Λέρνην· καὶ τὴν ὕδραν εὑρὼν ἐν τινι ὄρει παρὰ τὰς πηγὰς τῆς Ἀμυμώνης, βάλλων βέλεσι ἠνάγκασεν ἐξελθεῖν. τῷ ῥοπάλῳ δὲ τὰς κεφαλὰς κόπτων οὐδὲν ἠτέλει ἡδύνατο· ὁ γὰρ Ἡρακλῆς μίαν ἔκοπτε κεφαλήν, δύο ἀνεφύοντο. ἐβοήθει δὲ καρκίνος τῇ ὕδρᾳ μέγας, δάκνων τὸν τοῦ Ἡρακλέους πόδα. τοῦτον οὖν ἀποκτείνας ἐκάλεσε καὶ αὐτὸς τὸν Ἰόλαον, ὃς πυρὶ καίων τὰς κεφαλὰς ἐκώλυεν ἀναφύεσθαι. καὶ οὕτως τῶν θνητῶν κεφαλῶν κρατήσας, τὴν ἀθάνατον κόψας ὑπὸ πέτρᾳ μεγάλῃ ἔκρυψεν, παρὰ τὴν ὁδὸν τὴν φέρουσαν διὰ Λέρνης εἰς Ἐλαιοῦντα. Εὐρυσθεὺς δὲ ἔλεγεν ὅτι οὐ καταριθμεῖ τοῦτον τὸν ἆθλον ἐν τοῖς δέκα· οὐ γὰρ μόνος ἀλλὰ μετ᾽ ᾽Ιολάου τῆς ὕδρας ἐκράτησε.	τρίτον ἆθλον ἐπέταξεν αὐτῷ τὴν Κερυνῖτιν ἔλαφον εἰς Μυκήνας ζῶντα ἐνεγκεῖν. εἶχε μὲν ἡ ἔλαφος τὰ κέρατα χρυσοῦ, ἦν δὲ ᾽Αρτέμιδος ἱερά· οὐ βουλόμενος οὖν αὐτὴν ῾Ηρακλῆς τρῶσαι, ἐδίωξεν ὅλον ἔτος. ἐπεὶ δὲ κάμνον τὸ θηρίον τῇ διώξει ἔφυγεν εἰς ποταμὸν Λάδωνα, τοῦτον διαβαίνειν μέλλουσαν αὐτὴν ἔλαβε· καὶ ἔχων ἐπὶ τῶν ὤμων τὸ θηρίον ἐπανῆλθεν εἰς Μυκήνας. τέταρτον ἆθλον ἐπέταξεν αὐτῷ τὸν ᾽Ερυμάνθιον σῦν ζῶντα φέρειν· τοῦτο δὲ τὸ θηρίον ἠδίκει τὴν Ψωφῖδα πόλιν, ὁρμώμενον ἐξ ὄρους ὃ καλοῦσιν ᾽Ερύμανθον. ἐπὶ οὖν τὴν τοῦ συὸς θήραν παραγίνεται· ῾Ηρακλῆς καὶ διώκει αὐτὸν ἔκ τινος ὕλης μετὰ βοῆς· λαβὼν δὲ ἤνεγκεν εἰς Μυκήνας. Adaptado de APOLLODORO, Bibliotheca, 2.61-87
19	Ἐννεακαιδέκατον μάθημα	19 Οἱ τοῦ Ἡρακλέους ἆθλοι (β)	Οἱ τοῦ Ἡρακλέους ἆθλοι (β)					πέμπτον ἐπέταξεν αὐτῷ ἆθλον τῶν Αὐγείου ἀγελῶν ἐν ἡμέρᾳ μιᾷ ἐξενεγκεῖν τὴν ὄνθον. ἦν δὲ ὁ Αὐγείας βασιλεὺς τῆς Ἤλιδος πόλεως, πολλὰς δὲ εἶχε ἀγέλας. τούτῳ προσελθὼν Ἡρακλῆς, οὐ δηλώσας τὴν Εὐρυσθέως ἐπιταγήν, ὑπέσχετο μὲν ἐν μιᾷ ἡμέρᾳ τὴν ὄνθον ἐξενεγκεῖν, ᾔτησε δὲ μισθοῦ. Αὐγείας δὲ ἀπιστῶν ἐνδέχεται τὸν λόγον. Ἡρακλῆς οὖν τὸν Ἀλφειὸν ποταμὸν ἐγγὺς ῥέοντα παρατρέψας διὰ τῶν σταθμῶν ἤγαγεν. μαθὼν δὲ Αὐγείας ὅτι ἐξ ἐπιταγῆς τοῦ Μυκηνῶν βασιλέως τοῦτο ἐτέλεσε, τὸν μισθὸν οὐ παρέσχετο καὶ τὸν  Ἡρακλέα βιαίως ἐξ Ἤλιδος ἐκέλευσεν. Εὐρυσθεὺς δὲ οὐδὲ τοῦτον τὸν ἆθλον ἐν τοῖς δέκα προσεδέξατο, λέγων ὅτι ἐπὶ μισθῷ ὁ Ἡρακλῆς ἔπραξεν. ἕκτον ἐπέταξεν ἆθλον αὐτῷ τὰς Στυμφαλίδας ὄρνιθας ἐκδιώξαι. ἦν δὲ ἐν Στυμφάλῳ πόλει τῆς ᾽Αρκαδίας Στυμφαλὶς καλουμένη λίμνη, πολλῆς πάσης ὕλης· εἰς ταύτην ὄρνιθες ἔφυγον πολλαί, τοὺς λύκους φοβούμεναι. Ἡρακλῆς οὖν ἐκ τῆς ὕλης τὰς ὄρνιθας ἐξέβαλεν ὧδε· χάλκεα κρόταλα κρούων πρὸς τῇ λίμνῃ τὰς ὄρνιθας ἐφόβει· αἱ δὲ τὸν θόρυβον οὐχ ὑπομένουσαι, μετὰ φόβου ἀνεπέτοντο· καὶ οὕτως Ἡρακλῆς ἐτόξευσεν αὐτάς.	ἕβδομον ἐπέταξεν ἆθλον τὸν Κρῆτα ἀγαγείν ταῦρον. ἐπὶ τοῦτον παραγενόμενος εἰς Κρήτην Ἡρακλῆς, ἔλαβε καὶ πρὸς Εὐρυσθέα ἤνεγκεν. ὄγδοον ἆθλον ἐπέταξεν αὐτῷ τὰς Διομήδους ἵππους εἰς Μυκήνας φέρειν· ἦν δὲ οὗτος βασιλεὺς Θρᾳκῶν, εἶχε δὲ ἀνθρωποφάγους ἵππους. πρὸς δὲ τοὺς Θρᾷκας μαχεσάμενος καὶ Διομήδη ἀπέκτεινε. ἐνεγκὼν δὲ τὰς ἵππους εἰς τὰς Μυκήνας πάρεσχεν Εὐρυσθεῖ. ἔνατον ἆθλον Ἡρακλεῖ ἐπέταξε ζωστῆρα φέρειν τὸν Ἱππολύτης. αὕτη δὲ ἐβασίλευεν Ἀμαζόνων, γυναικῶν ἀνδρείων τε καὶ πολεμικῶν, αἱ ᾤκουν ἄνευ ἀνδρῶν περὶ τὸν Θερμώδοντα ποταμόν.	παραλαβὼν οὖν Ἡρακλῆς συμμάχους ἐν ἑνὶ πλοίῳ ἔπλει εἰς τὴν τῶν Ἀμαζόνων γῆν. ὡς δὲ ἀποβαίνουσιν οἱ Ἕλληνες εἰς τὸν λιμένα, παραγίνεται εἰς αὐτοὺς Ἱππολύτη καὶ, διὰ τί ἀφικνοῦνται πυθομένη, παρασχεῖν αὐτοῖς τὸν ζωστῆρα ὑπισχνεῖται. Ἥρα μέντοι, ὁμοία Ἀμαζόνι γενομένη, τὸ πλῆθος ὤργιζεν, λέγουσα ὅτι τὴν βασιλίδα ἁρπάζουσιν οἱ ξένοι. αἱ δὲ μεθ᾽ ὅπλων ἐπὶ τὸ πλοῖον ἔδραμον ἐφ᾽ ἵππων. ὡς δὲ εἶδεν αὐτὰς Ἡρακλῆς, μάλιστα φοβησάμενος, τὴν μὲν Ἱππολύτην ἀποκτείνας τὸν ζωστῆρα λαμβάνει, πρὸς δὲ τὰς λοιπὰς μαχεσάμενος ἀποπλεῖ. ἐνεγκὼν δὲ τὸν ζωστῆρα εἰς Μυκήνας παρέχει Εὐρυσθεῖ.
20	Εἰκοστὸν μάθημα	20 Οἱ τοῦ Ἡρακλέους ἆθλοι (γ)	Οἱ τοῦ Ἡρακλέους ἆθλοι (γ)							
21	Εἰκοστὸν καὶ πρῶτον μάθημα	21 Οἰδίπους	Οἰδίπους							
22	Εἰκοστὸν καὶ δεύτερον μάθημα	22 Ἀστυάγης καὶ Κῦρος	Ἀστυάγης καὶ Κῦρος							
23	Εἰκοστὸν καὶ τρίτον μάθημα	23 Ὁ Σόλων καὶ ὁ Κροῖσος	Ὁ Σόλων καὶ ὁ Κροῖσος							
24	Εἰκοστὸν καὶ τέταρτον μάθημα	24 Ὁ Κροῖσος καὶ ὁ Ἄδρηστος (α)	Ὁ Κροῖσος καὶ ὁ Ἄδρηστος (α)							
25	Εἰκοστὸν καὶ πέμπτον μάθημα	25 Ὁ Κροῖσος καὶ ὁ Ἄδρηστος (β)	Ὁ Κροῖσος καὶ ὁ Ἄδρηστος (β)							